Marital status,Application mode,Application order,Course,Daytime/evening attendance,Previous qualification,Nacionality,Mother's qualification,Father's qualification,Mother's occupation,Father's occupation,Displaced,Educational special needs,Debtor,Tuition fees up to date,Gender,Scholarship holder,Age at enrollment,International,Curricular units 1st sem (credited),Curricular units 1st sem (enrolled),Curricular units 1st sem (evaluations),Curricular units 1st sem (approved),Curricular units 1st sem (grade),Curricular units 1st sem (without evaluations),Unemployment rate,Inflation rate,GDP,y_real,y_pred,y_proba_dropout
1,1,2,14,1,1,1,1,14,5,8,1,0,0,1,0,1,18,0,0,6,6,6,13.166666666666666,0,8.9,1.4,3.51,0,0,0.03952574774659382
1,1,1,7,1,1,1,13,27,6,9,1,0,0,1,1,0,18,0,0,5,9,4,10.5,0,7.6,2.6,0.32,0,0,0.1808989663529633
1,4,1,4,1,3,1,24,29,10,5,0,0,0,1,1,0,50,0,2,6,8,2,13.5,0,15.5,2.8,-4.06,1,1,0.9028397535305431
1,1,2,12,1,1,1,1,3,5,4,0,0,0,1,0,0,18,0,0,7,10,7,13.398,0,15.5,2.8,-4.06,0,0,0.04676778300879387
1,9,1,15,1,1,1,23,28,7,8,1,0,0,1,1,1,18,0,0,6,6,1,11.0,0,8.9,1.4,3.51,1,1,0.6235938418444331
1,1,5,12,1,1,1,1,1,10,10,0,0,0,1,0,1,18,0,0,8,8,7,13.671428571428573,0,12.7,3.7,-1.7,0,0,0.03706269700432763
4,13,1,9,1,1,1,22,28,8,4,1,0,0,1,1,0,33,0,0,5,5,1,10.0,0,7.6,2.6,0.32,1,1,0.8226743594692787
1,1,2,2,1,1,1,24,1,4,5,1,0,1,1,0,0,19,0,0,0,0,0,0.0,0,12.4,0.5,1.79,1,0,0.4172827301828078
1,8,3,12,1,1,1,13,27,5,10,1,0,0,1,1,1,18,0,0,7,7,6,13.266666666666666,0,7.6,2.6,0.32,0,0,0.060144929146435315
1,4,1,12,1,3,1,19,24,1,1,0,0,0,1,0,0,28,0,0,7,0,0,0.0,0,7.6,2.6,0.32,1,1,0.9856442449470373
1,12,1,14,1,6,1,1,1,12,4,1,0,0,1,1,0,30,0,0,5,5,0,0.0,0,7.6,2.6,0.32,1,1,0.8992216322861968
1,1,3,6,1,1,1,8,14,12,12,1,0,0,1,0,0,18,0,0,5,6,5,13.333333333333334,0,7.6,2.6,0.32,0,0,0.21268235156916357
1,12,1,17,0,14,1,13,14,10,10,0,0,0,1,1,0,24,0,0,5,7,3,11.333333333333334,0,10.8,1.4,1.74,1,0,0.4735723236966112
1,8,2,7,1,1,1,13,1,10,11,1,0,0,1,1,1,18,0,0,5,6,5,13.2,0,8.9,1.4,3.51,0,0,0.06726113043936151
1,12,1,11,1,9,1,22,27,6,8,1,0,0,1,1,0,25,0,0,6,7,6,11.166666666666666,0,9.4,-0.8,-3.12,0,0,0.2116591405637173
1,8,1,12,1,1,1,13,1,10,8,1,0,0,1,0,1,19,0,0,7,7,7,13.894285714285711,0,11.1,0.6,2.02,0,0,0.035428242160595314
1,8,1,15,1,1,1,1,28,12,9,1,0,0,0,1,0,21,0,0,6,10,2,12.0,0,10.8,1.4,1.74,1,1,0.9446914545437395
1,13,1,6,1,14,1,1,1,5,8,1,0,0,1,0,0,26,0,11,18,45,18,11.833333333333334,10,15.5,2.8,-4.06,0,0,0.044788573288365954
1,1,1,11,1,1,1,2,27,2,2,1,0,0,1,0,0,19,0,0,6,9,5,13.4,0,10.8,1.4,1.74,0,0,0.10310013768767695
1,8,1,10,1,1,1,1,14,5,5,0,0,0,1,0,0,19,0,0,6,6,6,14.666666666666666,0,15.5,2.8,-4.06,0,0,0.04225860252139479
1,1,1,6,1,1,1,13,1,9,8,1,0,0,1,0,0,19,0,0,6,8,6,13.857142857142858,0,13.9,-0.3,0.79,0,0,0.06822096978485652
1,1,1,2,1,1,1,1,1,10,4,1,0,0,1,0,0,18,0,0,0,0,0,0.0,0,10.8,1.4,1.74,0,0,0.20656595913136314
1,1,4,10,1,1,1,13,28,10,10,0,0,0,1,0,1,18,0,0,6,7,6,12.285714285714286,0,12.4,0.5,1.79,0,0,0.025516356053122836
1,9,1,16,1,1,1,13,28,5,1,1,0,0,1,0,0,19,0,0,7,10,6,12.166666666666666,0,12.4,0.5,1.79,0,0,0.15513192244899754
1,16,1,15,1,1,1,1,32,6,4,1,0,0,1,1,0,23,0,0,6,7,6,13.333333333333334,0,11.1,0.6,2.02,0,0,0.1734740944697744
2,17,1,9,1,16,1,13,14,28,31,0,0,0,1,0,0,30,0,6,11,20,9,12.22222222222222,0,8.9,1.4,3.51,0,0,0.22399795818042972
1,1,3,12,1,1,1,1,1,5,8,1,0,0,1,0,0,18,0,0,8,8,7,14.7,0,10.8,1.4,1.74,0,0,0.03586163824490953
1,8,3,6,1,1,1,13,28,6,8,0,0,0,1,0,0,21,0,0,6,0,0,0.0,0,15.5,2.8,-4.06,1,1,0.9480382107213321
1,8,6,9,1,1,1,22,28,10,10,1,0,1,0,1,0,19,0,0,5,8,4,12.5,0,8.9,1.4,3.51,0,1,0.7416026997692056
1,8,1,10,1,1,1,13,14,5,6,1,0,1,0,0,0,19,0,0,6,10,5,11.714285714285714,0,16.2,0.3,-0.92,1,1,0.903906839909326
1,14,1,2,1,1,1,13,28,10,10,0,0,0,1,0,1,18,0,0,0,0,0,0.0,0,13.9,-0.3,0.79,1,0,0.08786629064546063
1,12,1,4,1,1,1,13,14,10,10,0,0,0,1,0,0,25,0,0,6,6,0,0.0,0,11.1,0.6,2.02,1,1,0.9091609287153745
1,4,1,16,1,3,1,22,27,10,10,0,0,0,1,0,0,28,0,14,15,25,14,12.428571428571429,1,7.6,2.6,0.32,1,0,0.4210945552118779
1,14,1,2,1,14,1,23,27,10,8,0,0,0,0,1,0,25,0,0,0,0,0,0.0,0,15.5,2.8,-4.06,1,1,0.9366687235693577
1,1,3,15,1,1,1,1,1,5,8,1,0,1,1,1,1,18,0,0,6,6,6,14.333333333333334,0,11.1,0.6,2.02,0,0,0.10880901544976268
1,1,1,6,1,1,1,3,2,2,2,1,0,0,0,0,0,22,0,0,5,12,4,14.6,3,9.4,-0.8,-3.12,1,1,0.5077352145659185
1,1,3,15,1,1,1,23,27,8,8,1,0,0,1,0,1,18,0,0,6,6,6,15.0,0,8.9,1.4,3.51,1,0,0.03414799598075701
1,14,1,8,1,1,3,22,27,10,7,0,0,0,1,0,0,37,1,0,6,0,0,0.0,0,13.9,-0.3,0.79,1,1,0.9856324272726338
1,8,1,16,1,1,1,19,24,1,1,1,0,0,1,0,0,21,0,0,6,12,3,11.333333333333334,0,7.6,2.6,0.32,1,1,0.9597993503469234
1,14,1,17,0,1,1,3,3,5,5,1,0,0,1,1,0,24,0,0,5,10,4,11.5,0,13.9,-0.3,0.79,0,0,0.4299353896932074
1,5,1,11,1,1,10,3,1,10,10,1,0,0,1,0,0,19,1,0,6,6,6,13.5,0,12.4,0.5,1.79,0,0,0.057691405943538956
1,8,1,9,1,1,1,23,28,10,9,0,0,0,1,1,0,18,0,0,5,13,1,10.0,0,12.7,3.7,-1.7,1,1,0.6354295357979464
1,7,2,6,1,1,1,22,27,10,10,1,0,0,1,0,1,19,0,0,5,8,5,13.166666666666666,2,9.4,-0.8,-3.12,0,0,0.04207620394646222
1,1,5,12,1,1,1,23,28,5,9,1,0,0,1,0,0,18,0,0,8,8,8,13.76375,0,9.4,-0.8,-3.12,0,0,0.03953360930684658
1,12,1,14,1,1,1,1,14,6,5,0,0,0,1,0,0,31,0,2,6,13,5,11.4,0,13.9,-0.3,0.79,1,0,0.3094564876986141
1,1,1,5,1,1,1,10,14,5,6,0,1,0,1,0,1,18,0,0,6,6,6,12.0,0,8.9,1.4,3.51,0,0,0.04402036328482031
1,1,1,10,1,1,1,22,27,10,8,1,0,0,1,0,0,20,0,0,6,7,5,13.2,0,10.8,1.4,1.74,0,0,0.0586880197434533
1,1,1,15,1,1,1,1,3,10,10,0,0,0,1,1,0,20,0,0,6,8,6,11.5,0,16.2,0.3,-0.92,0,0,0.12930070396117552
1,12,1,6,1,12,1,13,14,10,8,0,0,1,0,0,0,24,0,2,6,11,3,11.75,0,16.2,0.3,-0.92,1,1,0.9466680725722715
1,1,1,2,1,1,1,13,14,4,11,1,0,0,1,0,0,21,0,13,17,20,17,12.0,0,11.1,0.6,2.02,0,0,0.02595984828893173
1,9,3,14,1,1,1,23,28,10,10,1,0,0,1,0,1,19,0,0,6,10,0,0.0,0,12.7,3.7,-1.7,1,1,0.6750327699432171
1,8,1,17,0,1,1,23,3,10,4,1,0,1,0,0,0,26,0,0,5,5,0,0.0,0,10.8,1.4,1.74,1,1,0.9736966812922809
1,4,3,8,1,3,1,13,27,12,6,0,0,1,0,0,0,27,0,1,5,6,2,11.5,0,12.7,3.7,-1.7,1,1,0.969230174400593
1,8,1,14,1,1,1,1,14,5,9,0,0,0,1,1,1,19,0,0,6,7,6,12.0,0,12.4,0.5,1.79,0,0,0.07992572134602227
1,14,1,15,1,1,1,23,27,10,6,1,0,0,1,0,0,20,0,0,6,6,6,11.833333333333334,0,15.5,2.8,-4.06,0,0,0.0699495410545506
1,12,1,15,1,7,1,23,1,6,5,1,0,0,1,1,0,28,0,0,6,11,3,13.0,0,7.6,2.6,0.32,1,1,0.702417249857829
1,1,1,12,1,1,1,3,1,5,6,0,0,0,1,0,0,18,0,0,8,8,7,14.537142857142856,0,10.8,1.4,1.74,0,0,0.03207725165575546
1,12,1,13,1,1,1,23,14,10,7,1,0,0,1,0,1,25,0,0,7,11,5,12.58,0,8.9,1.4,3.51,0,0,0.07093086185124378
1,1,1,12,1,1,1,22,28,7,7,1,0,0,1,0,1,19,0,0,8,10,6,11.833333333333334,0,9.4,-0.8,-3.12,0,0,0.026765305161082945
1,14,1,5,1,1,1,13,14,10,10,1,0,0,1,1,1,20,0,0,6,8,3,11.0,0,10.8,1.4,1.74,0,0,0.19859991000312321
1,12,1,1,1,1,1,23,27,10,7,0,0,1,0,1,0,37,0,0,7,7,0,0.0,0,8.9,1.4,3.51,1,1,0.9505382912886386
1,1,1,2,1,1,1,13,1,10,8,0,0,0,1,1,0,18,0,0,0,0,0,0.0,0,9.4,-0.8,-3.12,0,0,0.21484003387304337
1,8,6,9,1,1,1,13,28,6,7,1,0,0,1,1,0,20,0,0,5,7,3,12.666666666666666,1,9.4,-0.8,-3.12,0,0,0.173388471965251
1,1,1,14,1,1,1,1,14,5,5,0,0,0,1,0,1,18,0,0,6,8,6,14.0,0,11.1,0.6,2.02,0,0,0.034326076994385515
1,1,1,14,1,1,1,13,14,6,10,1,0,0,1,0,1,18,0,0,6,6,6,13.5,0,10.8,1.4,1.74,0,0,0.043862351537226826
1,1,1,3,0,1,1,23,28,1,1,0,0,0,1,0,0,21,0,0,6,8,5,12.8,0,7.6,2.6,0.32,0,0,0.1054817892566969
2,1,1,13,1,1,1,13,14,31,29,0,0,1,1,1,0,24,0,0,7,7,7,12.271428571428572,0,10.8,1.4,1.74,0,0,0.1831174275056794
1,1,6,12,1,1,1,13,28,5,10,1,0,0,1,0,0,19,0,0,8,10,6,13.066666666666668,0,12.7,3.7,-1.7,1,0,0.05359344489812884
4,12,1,13,1,1,1,13,3,10,3,0,0,0,1,0,0,25,0,0,7,14,7,11.95,0,12.7,3.7,-1.7,0,0,0.12365142371338911
1,8,6,12,1,1,1,23,1,10,11,1,0,0,1,0,0,18,0,0,7,8,7,12.217142857142855,0,11.1,0.6,2.02,0,0,0.06073346676410383
1,1,1,12,1,1,1,13,28,6,4,0,0,0,1,0,0,18,0,0,8,8,8,14.035,0,9.4,-0.8,-3.12,0,0,0.02645021834411926
2,14,1,17,0,1,1,23,14,4,4,0,0,0,0,0,0,39,0,11,15,15,12,11.916666666666666,0,10.8,1.4,1.74,1,1,0.9205742383236162
1,15,1,7,1,14,1,1,14,5,6,1,0,0,1,1,0,22,0,0,5,9,0,0.0,0,10.8,1.4,1.74,0,1,0.6313109988377748
2,12,1,7,1,1,1,22,27,10,10,0,0,0,1,1,0,34,0,0,5,8,1,10.0,0,8.9,1.4,3.51,1,1,0.8586077351999054
1,15,1,5,1,14,1,22,1,10,8,0,0,0,1,1,0,20,0,2,7,9,5,12.6,0,16.2,0.3,-0.92,1,0,0.13600742443649522
1,14,1,17,0,1,1,22,2,10,5,1,0,0,0,1,0,23,0,10,15,24,12,11.0,0,7.6,2.6,0.32,1,1,0.9342194049503982
1,1,5,12,1,1,1,22,3,10,3,1,0,0,1,0,0,20,0,0,7,8,6,13.271428571428572,0,13.9,-0.3,0.79,0,0,0.058600914394862404
2,12,1,17,0,12,1,13,29,6,4,0,0,1,0,0,0,31,0,0,5,7,0,0.0,0,16.2,0.3,-0.92,1,1,0.9823517689105026
2,4,1,11,1,2,1,22,27,10,10,0,0,0,0,0,0,37,0,0,5,5,0,0.0,0,10.8,1.4,1.74,1,1,0.9848201305454692
2,12,1,17,0,1,1,22,27,2,5,1,0,0,0,1,0,40,0,0,5,10,2,10.5,0,9.4,-0.8,-3.12,1,1,0.9513561248127862
1,6,1,7,1,1,13,1,3,21,31,0,0,1,1,0,0,19,1,0,6,11,2,13.5,1,8.9,1.4,3.51,0,1,0.8134448969677488
1,1,6,10,1,1,1,23,1,8,5,1,0,0,1,0,1,19,0,0,6,6,6,13.5,0,11.1,0.6,2.02,0,0,0.0448101308985715
1,1,5,12,1,1,1,13,27,10,8,1,0,0,1,0,0,18,0,0,7,10,7,12.9,0,15.5,2.8,-4.06,1,0,0.045897957257972015
2,12,1,16,1,9,1,22,27,8,9,0,0,0,1,0,0,41,0,0,6,0,0,0.0,0,16.2,0.3,-0.92,1,1,0.969043331588502
1,14,1,16,1,1,1,3,1,4,4,1,0,0,1,0,0,35,0,19,21,21,21,12.61904761904762,0,12.4,0.5,1.79,0,0,0.10176249208581509
4,14,1,3,0,9,1,19,24,1,1,1,0,0,1,0,0,48,0,0,6,9,5,13.0,0,7.6,2.6,0.32,0,0,0.3970497280205918
1,7,1,2,1,1,1,13,27,10,8,1,0,0,1,1,0,25,0,9,13,16,10,11.454545454545457,0,12.4,0.5,1.79,1,0,0.21445183117175207
1,12,1,12,1,12,1,22,27,10,8,0,0,0,1,0,1,26,0,0,7,8,6,10.983333333333334,0,7.6,2.6,0.32,0,0,0.052411193403320136
1,12,1,12,1,1,1,1,1,5,10,0,0,0,1,1,0,24,0,0,8,8,7,12.742857142857144,0,12.7,3.7,-1.7,0,0,0.11303567944547585
1,1,1,6,1,1,1,23,27,10,10,1,0,0,1,0,0,21,0,0,5,10,3,11.666666666666666,0,10.8,1.4,1.74,0,0,0.17677555657391858
2,12,1,11,1,12,1,19,24,1,1,0,0,1,0,1,0,45,0,0,6,12,0,0.0,0,9.4,-0.8,-3.12,1,1,0.9943124797314438
1,1,1,6,1,1,1,22,27,10,7,0,0,1,1,0,0,21,0,0,5,9,2,11.5,0,10.8,1.4,1.74,0,0,0.3769224896093219
1,17,1,5,1,16,1,25,14,4,6,1,0,0,0,0,1,22,0,0,6,8,6,11.0,0,8.9,1.4,3.51,0,0,0.2625595186540728
1,14,3,11,1,1,1,3,3,3,3,0,0,0,1,1,0,19,0,0,6,14,3,12.5,0,12.7,3.7,-1.7,0,0,0.49088492402434586
1,1,2,6,1,1,1,13,14,12,12,0,0,0,1,0,0,20,0,0,5,6,5,12.6,0,7.6,2.6,0.32,0,0,0.05600010869607831
1,1,1,12,1,1,1,1,14,10,11,1,0,0,1,0,0,19,0,0,7,7,7,13.79857142857143,0,11.1,0.6,2.02,0,0,0.0510724690282785
1,14,2,9,1,1,1,19,27,10,10,1,0,0,1,1,0,23,0,5,10,19,8,11.625,1,7.6,2.6,0.32,0,0,0.366510692988207
1,12,1,5,1,1,1,23,28,6,6,0,0,0,1,1,0,28,0,0,6,0,0,0.0,0,12.4,0.5,1.79,1,1,0.9807231248681707
1,8,2,7,1,1,1,1,2,4,4,1,0,0,1,1,0,21,0,0,5,10,5,11.166666666666666,0,12.4,0.5,1.79,0,0,0.1546339128597283
1,1,2,12,1,1,1,22,27,10,8,1,0,0,1,0,0,19,0,0,7,10,7,13.805,0,15.5,2.8,-4.06,0,0,0.05309885544716942
2,12,1,8,1,12,1,22,28,10,10,0,0,0,1,1,0,53,0,0,5,9,4,12.25,2,9.4,-0.8,-3.12,0,0,0.4079769962150205
1,8,1,15,1,1,1,23,28,8,8,1,0,0,1,0,1,18,0,0,6,6,6,15.0,0,8.9,1.4,3.51,0,0,0.0395953680531118
1,14,1,1,1,1,1,22,1,10,11,1,0,0,1,1,0,25,0,5,10,13,5,11.6,0,12.4,0.5,1.79,0,1,0.7181781457305797
1,9,2,10,1,1,1,13,1,5,4,1,0,0,1,0,1,19,0,0,6,8,4,10.75,0,15.5,2.8,-4.06,0,0,0.13219142594714847
1,15,1,10,1,14,14,1,1,5,7,0,0,1,1,0,1,23,1,3,6,7,6,13.142857142857142,0,12.4,0.5,1.79,0,0,0.04220818879936625
4,12,1,12,1,12,1,22,28,6,6,0,0,1,0,1,0,47,0,0,7,7,0,0.0,7,15.5,2.8,-4.06,1,1,0.9884857730754747
1,17,1,4,1,16,1,1,14,10,8,0,0,1,1,0,1,24,0,7,12,13,12,12.846153846153848,0,8.9,1.4,3.51,0,0,0.045564585929577524
1,1,1,8,1,1,1,1,1,5,11,1,0,0,1,1,0,18,0,0,5,5,5,13.6,0,10.8,1.4,1.74,0,0,0.11749849010827729
1,1,1,16,1,1,1,22,14,8,8,1,0,0,1,0,0,18,0,0,6,9,5,11.833333333333334,0,15.5,2.8,-4.06,0,0,0.2928390482146768
1,1,1,9,1,1,14,3,3,10,10,0,0,1,0,0,0,19,1,0,5,14,0,0.0,0,8.9,1.4,3.51,1,1,0.8218827061796344
1,15,1,4,1,14,1,3,3,8,2,1,0,0,1,1,0,20,0,0,6,12,4,11.6,0,15.5,2.8,-4.06,0,0,0.2899048446906711
1,1,1,10,1,1,1,13,28,8,8,0,0,0,1,0,1,19,0,0,6,9,5,10.8,0,15.5,2.8,-4.06,0,0,0.049317827631425795
1,16,1,9,1,1,1,1,27,10,11,0,0,0,1,0,0,53,0,14,15,15,15,11.8,0,8.9,1.4,3.51,0,0,0.0815498365905089
1,1,1,16,1,1,1,13,14,8,8,1,0,0,1,0,0,21,0,0,6,9,5,12.4,0,12.7,3.7,-1.7,1,0,0.1844461352717446
1,8,1,11,1,1,1,10,1,10,4,1,0,0,1,0,1,18,0,0,6,9,5,11.4,0,12.4,0.5,1.79,0,0,0.1412208588018356
1,12,1,12,1,1,1,1,1,5,11,0,0,0,1,1,0,24,0,0,7,18,0,0.0,0,13.9,-0.3,0.79,1,1,0.927731102910591
1,12,1,12,1,1,1,3,3,2,2,1,0,0,1,0,0,24,0,0,8,8,8,13.385,0,9.4,-0.8,-3.12,0,0,0.06011372808361337
1,12,1,3,0,1,1,19,24,1,1,1,0,0,1,0,0,27,0,0,6,11,4,12.25,0,7.6,2.6,0.32,1,1,0.730552180044737
1,14,1,9,1,1,1,1,14,10,11,0,0,0,1,0,1,18,0,0,5,9,5,13.2,0,16.2,0.3,-0.92,0,0,0.03551549943449413
1,1,4,15,1,1,9,1,27,4,10,1,0,0,1,0,0,20,1,0,6,6,6,12.333333333333334,0,12.7,3.7,-1.7,0,0,0.06282960717141925
1,1,1,12,1,1,1,22,27,10,10,1,0,0,1,1,1,18,0,0,7,7,6,13.516666666666666,0,7.6,2.6,0.32,0,0,0.04925620378139917
1,8,6,9,1,1,1,13,28,8,10,0,0,0,1,0,1,19,0,0,5,5,5,12.4,0,12.7,3.7,-1.7,0,0,0.06118575302598126
4,4,1,10,1,15,1,19,24,13,13,0,0,1,1,0,0,41,0,0,6,0,0,0.0,0,11.1,0.6,2.02,1,1,0.9744957700562159
1,8,2,16,1,1,1,1,14,3,11,1,0,0,1,0,0,19,0,0,6,9,5,13.0,0,7.6,2.6,0.32,0,0,0.21674262591832588
1,8,1,8,1,1,1,2,14,3,7,1,0,0,1,0,1,18,0,0,6,7,6,12.833333333333334,1,8.9,1.4,3.51,0,0,0.09450211253839522
1,1,2,15,1,1,1,13,14,5,8,1,0,0,1,0,0,18,0,0,6,6,6,13.333333333333334,0,11.1,0.6,2.02,0,0,0.05712117358815626
1,1,2,12,1,1,1,13,14,8,6,1,0,0,1,0,0,18,0,0,7,8,7,14.13125,0,15.5,2.8,-4.06,0,0,0.04201852774325368
2,13,1,17,0,1,1,3,2,3,3,0,0,0,1,1,0,27,0,2,2,2,2,12.5,0,12.7,3.7,-1.7,0,1,0.8404526772943286
1,1,1,10,1,1,1,23,28,28,42,1,0,1,1,0,0,20,0,0,6,8,6,10.666666666666666,0,11.1,0.6,2.02,0,0,0.12497362275059912
1,8,2,13,1,1,1,22,27,4,11,0,0,0,1,0,0,20,0,0,7,8,7,12.457142857142856,0,15.5,2.8,-4.06,0,0,0.06929378298455749
6,12,1,17,0,9,1,22,27,12,12,1,0,0,0,1,0,55,0,0,5,5,0,0.0,0,7.6,2.6,0.32,1,1,0.9584764844788044
1,3,1,6,1,1,1,1,1,5,5,0,0,0,1,0,0,18,0,0,5,9,3,12.0,1,7.6,2.6,0.32,0,0,0.12169530008995322
1,7,1,4,1,1,1,1,27,5,10,1,0,1,1,0,1,20,0,13,18,19,18,15.052631578947368,0,15.5,2.8,-4.06,0,0,0.0451735643840676
1,12,1,7,1,3,1,1,28,12,12,0,0,0,1,1,0,29,0,0,3,3,0,0.0,3,10.8,1.4,1.74,1,1,0.9673840272364148
1,1,1,12,1,1,1,13,14,5,11,0,0,0,1,0,0,20,0,0,8,8,7,12.685714285714283,0,12.7,3.7,-1.7,0,0,0.044866352351818746
1,1,1,11,1,1,1,3,1,3,5,0,0,0,1,1,0,21,0,0,6,10,5,11.333333333333334,0,12.7,3.7,-1.7,0,0,0.2399274111879223
1,1,1,12,1,1,1,1,1,4,11,0,0,0,1,0,0,18,0,0,7,7,7,13.7,0,11.1,0.6,2.02,0,0,0.049341641795710815
1,4,1,4,1,3,1,3,14,3,11,0,0,0,0,1,0,35,0,0,6,10,5,15.2,0,15.5,2.8,-4.06,1,1,0.7844662021817149
2,12,1,12,1,12,1,23,28,8,9,0,0,0,1,1,0,36,0,0,7,9,6,12.783333333333331,0,16.2,0.3,-0.92,1,0,0.20988474332258017
1,7,4,10,1,1,1,22,27,10,10,1,0,0,1,0,0,18,0,0,6,8,5,13.0,0,10.8,1.4,1.74,0,0,0.05388324249597107
1,14,1,17,0,1,1,22,14,4,11,0,0,0,1,1,1,42,0,0,5,14,1,10.0,0,13.9,-0.3,0.79,1,1,0.7566752630249927
1,1,5,12,1,1,1,22,27,10,6,1,0,0,1,0,1,19,0,0,7,10,7,14.368,0,15.5,2.8,-4.06,0,0,0.030144943846343735
1,8,2,11,1,1,1,13,14,5,4,1,0,0,1,1,0,20,0,0,6,8,6,11.833333333333334,0,7.6,2.6,0.32,0,0,0.11364069479636726
1,1,2,12,1,1,1,1,3,6,11,1,0,0,1,1,0,19,0,0,7,9,7,11.975,0,13.9,-0.3,0.79,0,0,0.10863068968385932
1,8,1,9,1,1,1,3,28,2,10,0,0,0,0,1,0,19,0,0,5,13,4,10.0,0,15.5,2.8,-4.06,1,1,0.8151424531767156
2,13,1,9,1,1,1,22,27,10,10,1,0,0,1,0,0,54,0,13,15,20,13,12.461538461538462,1,15.5,2.8,-4.06,1,0,0.18500185960375634
1,14,1,12,1,1,1,22,27,10,10,1,0,0,1,0,1,21,0,0,8,8,7,14.428571428571429,0,12.7,3.7,-1.7,0,0,0.02807477100222376
1,1,1,9,1,1,1,1,28,6,6,0,0,1,1,0,0,19,0,0,5,10,5,10.875,0,13.9,-0.3,0.79,0,0,0.2101444291118122
1,8,4,12,1,1,1,4,1,3,4,1,0,0,1,0,0,18,0,0,8,8,7,14.828571428571427,0,12.7,3.7,-1.7,0,0,0.03391142891830177
1,14,1,12,1,1,16,1,1,7,7,0,0,0,1,0,0,39,1,0,7,0,0,0.0,0,12.7,3.7,-1.7,1,1,0.9728359829376296
1,1,4,2,1,1,1,22,28,10,10,1,0,0,1,0,0,19,0,0,0,0,0,0.0,0,10.8,1.4,1.74,1,0,0.3939674931988317
2,12,1,3,0,1,1,22,27,10,10,0,0,0,0,1,0,35,0,0,6,6,6,14.0,0,9.4,-0.8,-3.12,0,0,0.4949788961974343
1,15,2,10,1,14,1,3,14,5,10,1,0,0,1,0,0,19,0,3,6,6,6,14.166666666666666,0,12.4,0.5,1.79,0,0,0.025966296312513633
1,1,1,6,1,1,1,3,1,3,9,1,0,0,1,0,0,19,0,0,6,13,4,11.8,0,12.4,0.5,1.79,0,0,0.277152532403942
1,1,1,10,1,1,1,23,28,29,43,0,0,1,1,0,1,20,0,0,6,7,5,11.4,0,8.9,1.4,3.51,0,0,0.03698078935576674
2,12,1,14,1,1,1,13,28,10,10,0,0,0,1,1,0,36,0,0,6,13,3,11.333333333333334,0,13.9,-0.3,0.79,1,1,0.7939307087354545
1,12,1,11,1,1,1,3,1,7,7,1,0,0,1,0,0,24,0,0,6,8,5,12.6,0,9.4,-0.8,-3.12,0,0,0.10388339943324996
1,8,4,11,1,1,1,1,1,5,3,1,0,0,1,1,0,19,0,0,6,7,5,12.2,0,7.6,2.6,0.32,0,0,0.2555882217757013
1,8,4,15,1,1,1,1,14,5,2,1,0,0,1,0,0,18,0,0,6,7,6,12.571428571428571,0,13.9,-0.3,0.79,0,0,0.07073486627197206
2,12,2,17,0,1,1,22,27,10,10,0,0,0,1,0,0,43,0,0,5,11,3,10.666666666666666,0,9.4,-0.8,-3.12,0,0,0.4210446516602629
1,8,4,12,1,1,1,3,3,3,3,1,0,0,1,0,0,19,0,0,7,8,7,13.198571428571428,0,11.1,0.6,2.02,0,0,0.06438624057000943
1,1,3,15,1,1,1,1,27,5,6,1,0,1,1,0,0,18,0,0,6,6,6,14.333333333333334,0,8.9,1.4,3.51,0,0,0.07600780910506924
1,1,4,9,1,1,1,3,1,4,5,1,0,0,1,1,0,19,0,0,5,5,0,0.0,0,12.4,0.5,1.79,1,1,0.7650216645866693
1,9,2,9,1,1,1,1,27,6,6,1,0,0,1,0,0,21,0,0,5,8,3,12.0,1,9.4,-0.8,-3.12,0,0,0.28142065880529127
1,4,1,13,1,3,1,3,3,3,3,0,0,1,0,1,0,38,0,0,7,8,3,12.666666666666666,0,13.9,-0.3,0.79,1,1,0.9843885987401549
1,12,1,3,0,15,1,13,27,6,10,0,0,0,1,0,0,37,0,7,11,11,11,13.727272727272728,0,12.4,0.5,1.79,0,0,0.05216603772935485
1,12,1,11,1,1,1,3,14,4,6,0,0,0,0,1,0,24,0,0,6,0,0,0.0,0,11.1,0.6,2.02,1,1,0.9857212573210969
1,12,1,9,1,12,1,23,14,8,10,0,0,1,0,1,0,28,0,0,5,7,1,11.0,0,10.8,1.4,1.74,1,1,0.9685041947321213
1,1,4,16,1,1,1,13,1,6,10,1,0,0,1,0,0,18,0,0,6,7,5,12.2,0,10.8,1.4,1.74,0,0,0.25190749050046757
2,14,1,17,0,1,1,22,27,10,10,0,0,0,1,1,0,46,0,6,10,13,9,12.2,0,7.6,2.6,0.32,0,0,0.30366966781061916
4,12,1,3,0,1,1,23,27,6,8,0,0,0,1,0,0,45,0,0,6,13,4,12.5,0,16.2,0.3,-0.92,1,0,0.4703166536127084
1,1,6,12,1,1,1,2,14,4,10,1,0,0,1,1,0,18,0,0,8,8,8,13.74625,0,9.4,-0.8,-3.12,0,0,0.05482306074883593
1,1,1,2,1,1,1,22,27,10,10,1,0,0,1,1,0,21,0,0,0,0,0,0.0,0,12.7,3.7,-1.7,1,0,0.4947996685383717
1,15,1,6,1,14,1,3,1,3,10,1,0,0,1,0,0,21,0,1,6,13,3,11.75,0,12.4,0.5,1.79,0,0,0.38485585374125875
1,8,4,14,1,1,1,23,28,10,8,1,0,0,1,0,0,18,0,0,6,10,6,12.25,0,11.1,0.6,2.02,0,0,0.06892177475691186
1,1,1,3,0,1,1,1,27,8,4,0,0,0,1,0,0,23,0,0,6,13,2,10.0,0,9.4,-0.8,-3.12,0,1,0.7491155908911629
1,1,3,12,1,1,1,13,27,8,8,1,0,0,1,0,0,18,0,0,8,8,8,13.07375,0,9.4,-0.8,-3.12,0,0,0.040620215085794026
1,1,1,14,1,1,1,13,27,6,8,0,0,0,1,1,0,21,0,0,5,7,4,11.5,0,9.4,-0.8,-3.12,0,0,0.1839527706141684
1,8,1,2,1,1,1,23,28,8,8,1,0,0,1,0,0,19,0,0,0,0,0,0.0,0,15.5,2.8,-4.06,1,0,0.39507206921279814
1,1,1,16,1,1,1,23,27,6,6,0,0,0,1,0,0,19,0,0,6,9,4,12.5,0,9.4,-0.8,-3.12,0,0,0.350285624330279
1,14,2,10,1,1,1,22,27,10,8,1,0,0,1,0,1,53,0,4,7,16,6,11.0,0,9.4,-0.8,-3.12,0,0,0.12752787683470934
1,1,1,2,1,1,1,1,28,6,10,0,0,1,0,1,0,18,0,0,0,0,0,0.0,0,9.4,-0.8,-3.12,0,1,0.835668917461148
1,7,2,5,1,1,1,1,3,5,3,1,0,0,1,0,0,18,0,0,6,11,1,11.0,1,7.6,2.6,0.32,0,1,0.585737600297052
1,8,1,14,1,1,1,13,28,5,11,0,0,0,1,0,0,19,0,0,6,10,5,11.5,0,11.1,0.6,2.02,0,0,0.14637039485202327
2,12,1,17,0,1,1,23,14,5,9,0,0,0,1,0,0,33,0,0,5,5,5,12.8,0,10.8,1.4,1.74,0,0,0.08454198658322834
1,1,1,9,1,1,1,13,14,10,10,1,0,0,0,0,1,19,0,0,5,7,3,10.666666666666666,0,10.8,1.4,1.74,1,1,0.6894803302119416
1,8,1,10,1,1,1,13,28,4,4,1,0,0,0,0,0,19,0,0,6,13,4,11.0,0,12.7,3.7,-1.7,1,1,0.7895443517714084
2,1,1,9,1,1,1,23,27,10,9,1,0,0,1,0,0,34,0,0,5,7,2,10.0,0,7.6,2.6,0.32,1,1,0.7807472973197832
1,16,1,1,1,1,1,13,14,10,10,0,0,0,1,0,0,34,0,10,12,12,10,12.0,0,11.1,0.6,2.02,1,0,0.21122357678066764
2,12,2,14,1,1,1,22,27,10,10,0,0,0,1,1,1,36,0,0,5,5,5,11.4,0,9.4,-0.8,-3.12,0,0,0.09454104532914168
1,14,2,14,1,1,1,23,14,5,4,1,0,0,1,0,0,20,0,4,6,7,6,11.5,0,10.8,1.4,1.74,1,0,0.11319862007141039
1,8,3,15,1,1,1,1,14,6,6,1,0,0,1,0,1,18,0,0,6,6,6,12.5,0,16.2,0.3,-0.92,0,0,0.0608581487999252
1,1,1,14,1,1,1,22,1,8,1,0,0,0,1,0,0,20,0,0,5,7,4,11.75,0,7.6,2.6,0.32,0,0,0.10104632851833878
1,1,1,11,1,1,1,13,14,6,9,1,0,0,1,0,0,18,0,0,6,7,6,10.571428571428571,0,16.2,0.3,-0.92,0,0,0.09203422135085214
1,1,1,10,1,1,1,22,27,10,10,0,0,0,1,0,0,18,0,0,6,10,6,17.0,0,12.4,0.5,1.79,0,0,0.220807162157149
1,8,1,7,1,1,1,13,1,5,6,0,0,0,1,1,0,20,0,0,5,10,4,11.5,0,13.9,-0.3,0.79,0,0,0.22161853644798285
1,1,1,12,1,1,1,23,1,10,5,1,0,0,1,0,0,19,0,0,7,10,5,12.94,0,16.2,0.3,-0.92,0,0,0.11734466690556093
1,12,1,3,0,1,1,22,27,10,10,0,0,0,1,0,0,58,0,0,6,14,5,12.4,0,9.4,-0.8,-3.12,0,0,0.10688913538392424
1,17,1,4,1,16,1,1,28,9,9,0,0,0,1,0,1,23,0,7,12,14,12,14.384615384615383,0,8.9,1.4,3.51,0,0,0.08553789795743295
1,8,3,12,1,1,1,13,27,8,7,1,0,0,1,0,1,19,0,0,8,8,7,13.151428571428571,0,10.8,1.4,1.74,0,0,0.027233501296620825
1,1,1,15,1,1,1,23,28,10,10,1,0,0,1,1,1,20,0,0,6,8,6,12.0,0,13.9,-0.3,0.79,0,0,0.08645007950297158
1,8,1,2,1,1,1,1,1,7,8,1,0,0,1,0,0,18,0,0,0,0,0,0.0,0,12.4,0.5,1.79,0,0,0.3173253122538573
1,1,1,11,1,1,1,22,27,8,8,0,0,0,1,0,0,18,0,0,6,10,5,12.2,0,16.2,0.3,-0.92,0,0,0.11672265344867888
1,4,1,12,1,3,1,22,28,8,8,1,0,0,1,0,0,27,0,0,8,8,8,12.8875,0,9.4,-0.8,-3.12,0,0,0.09498888117845904
1,1,3,12,1,1,1,1,27,9,8,1,0,0,1,1,1,18,0,0,7,12,7,11.716666666666663,0,15.5,2.8,-4.06,0,0,0.14621257910942712
1,1,3,12,1,1,1,22,28,10,6,1,0,0,1,0,0,19,0,0,7,7,6,12.45,0,7.6,2.6,0.32,0,0,0.039765129979376014
2,12,1,17,0,12,1,22,27,10,10,0,0,0,1,0,0,47,0,0,5,5,5,14.8,0,7.6,2.6,0.32,0,0,0.05693566054842827
1,1,1,10,1,1,1,19,24,1,1,1,0,0,1,0,0,18,0,0,6,9,4,11.0,0,7.6,2.6,0.32,0,1,0.728512887339361
4,12,1,3,0,12,1,22,27,10,10,0,0,0,1,0,1,39,0,0,6,6,6,13.833333333333334,0,11.1,0.6,2.02,0,0,0.04391673270198032
1,8,4,7,1,1,1,19,26,1,6,1,0,0,1,1,0,18,0,0,5,9,3,11.666666666666666,0,7.6,2.6,0.32,1,1,0.6077684679801663
1,17,1,6,1,16,1,13,27,5,10,1,0,0,1,0,0,20,0,7,11,15,11,13.785714285714286,0,8.9,1.4,3.51,0,0,0.04072913350478083
1,12,2,9,1,1,1,22,27,10,10,0,0,0,0,1,0,26,0,0,5,8,1,10.0,0,10.8,1.4,1.74,1,1,0.9602850276827852
1,1,1,16,1,1,1,1,1,10,10,1,0,0,1,0,0,18,0,0,6,11,3,12.0,0,12.7,3.7,-1.7,1,1,0.7146187534605475
1,4,1,11,1,3,1,13,14,4,4,0,0,0,1,1,0,35,0,0,6,7,0,0.0,0,16.2,0.3,-0.92,1,1,0.9871424789219002
1,8,3,5,1,1,1,22,27,6,6,1,0,0,1,1,0,18,0,0,6,6,6,14.166666666666666,0,10.8,1.4,1.74,0,0,0.07407246304322271
1,15,1,10,1,14,1,1,14,29,15,0,0,0,1,0,0,20,0,3,6,6,6,13.5,0,13.9,-0.3,0.79,0,0,0.010441810031155926
1,8,5,12,1,1,1,13,1,5,4,1,0,0,1,0,0,19,0,0,8,8,8,14.34125,0,9.4,-0.8,-3.12,0,0,0.038630297254613595
1,1,5,12,1,1,1,22,27,10,10,0,0,0,1,0,1,18,0,0,8,12,7,12.62857142857143,0,12.7,3.7,-1.7,0,0,0.036146374823571
1,8,1,15,1,1,1,13,28,10,10,1,0,0,1,1,1,19,0,0,6,9,5,12.4,0,12.7,3.7,-1.7,0,0,0.12802211470493605
1,1,1,3,0,1,1,22,28,10,11,0,0,0,1,0,0,19,0,0,6,6,6,12.666666666666666,0,12.7,3.7,-1.7,0,0,0.042227906364325773
1,8,2,12,1,1,1,13,27,5,8,1,0,0,1,0,1,19,0,0,7,9,6,12.339999999999998,0,11.1,0.6,2.02,0,0,0.050405194943554485
1,1,3,2,1,1,1,23,27,10,4,1,0,1,0,1,1,19,0,0,0,0,0,0.0,0,9.4,-0.8,-3.12,1,1,0.7359900588848143
1,12,1,3,0,1,1,13,27,8,9,0,0,1,0,0,0,31,0,0,6,14,2,10.5,0,11.1,0.6,2.02,1,1,0.9077276614681414
1,17,1,4,1,1,1,13,1,10,10,0,0,1,1,1,0,21,0,7,12,20,10,11.8,0,8.9,1.4,3.51,0,0,0.10873694943945748
1,1,1,16,1,1,1,1,27,10,10,1,0,0,1,0,0,19,0,0,6,11,3,10.333333333333334,0,9.4,-0.8,-3.12,0,1,0.6789359207511422
1,14,4,2,1,1,1,13,10,10,11,0,0,0,1,1,0,19,0,0,0,0,0,0.0,0,9.4,-0.8,-3.12,0,0,0.2425336088908447
1,1,2,15,1,1,1,22,27,6,6,1,1,0,1,0,1,20,0,0,6,6,6,14.666666666666666,0,8.9,1.4,3.51,0,0,0.03431754656917028
1,15,1,6,1,1,1,4,4,3,7,0,0,0,1,0,0,22,0,2,6,9,6,13.333333333333334,0,13.9,-0.3,0.79,0,0,0.029910302038429096
1,8,5,16,1,1,1,22,28,6,7,1,0,0,1,0,1,19,0,0,6,10,5,12.0,0,9.4,-0.8,-3.12,0,0,0.21577814639924825
1,12,1,4,1,1,1,22,27,10,5,0,0,0,1,1,0,35,0,0,6,16,4,12.0,0,13.9,-0.3,0.79,1,1,0.5562781655364464
2,15,1,3,0,14,1,1,1,6,6,0,0,0,1,1,0,37,0,12,16,17,16,14.125,0,12.4,0.5,1.79,0,0,0.04185478350239897
1,8,1,7,1,1,1,13,14,8,10,1,0,0,1,1,0,18,0,0,5,9,1,12.0,0,7.6,2.6,0.32,1,0,0.4350378633047134
2,12,1,7,1,3,1,22,27,5,8,0,0,0,0,0,0,32,0,0,5,6,0,0.0,0,12.7,3.7,-1.7,1,1,0.9630715004772769
1,1,1,10,1,1,1,22,1,10,10,1,0,0,1,0,0,18,0,0,6,8,5,13.2,0,9.4,-0.8,-3.12,0,0,0.04878984712720281
1,8,1,16,1,1,1,23,28,10,10,0,0,1,1,0,1,18,0,0,7,7,7,12.714285714285714,0,16.2,0.3,-0.92,0,0,0.2178695538264481
1,14,1,1,1,1,1,22,27,2,2,1,0,0,1,1,0,32,0,0,7,7,0,0.0,0,13.9,-0.3,0.79,1,1,0.9458999424121697
1,8,3,10,1,1,1,13,28,10,8,1,0,0,1,0,1,19,0,0,6,8,6,11.333333333333334,0,8.9,1.4,3.51,0,0,0.04479570528734373
1,8,1,16,1,1,1,3,3,3,3,1,0,0,0,0,0,29,0,0,6,9,6,16.333333333333332,0,12.7,3.7,-1.7,1,1,0.6552761709341969
1,12,1,10,1,1,1,19,24,1,1,1,0,0,0,0,0,28,0,0,6,11,1,13.0,0,9.4,-0.8,-3.12,1,1,0.972598963084953
1,8,4,14,1,1,1,1,1,5,12,1,0,0,1,1,0,19,0,0,5,6,3,13.333333333333334,0,7.6,2.6,0.32,1,0,0.23386464650520022
1,1,1,6,1,6,1,13,14,10,10,1,0,0,1,0,0,22,0,0,5,14,4,14.25,3,9.4,-0.8,-3.12,1,0,0.06614531611900684
1,12,1,4,1,9,1,22,14,10,11,0,0,0,1,1,0,58,0,0,6,9,0,0.0,0,13.9,-0.3,0.79,1,1,0.9371677639787549
1,4,1,15,1,17,1,13,1,5,9,0,0,0,1,1,0,25,0,0,6,6,6,14.666666666666666,0,11.1,0.6,2.02,0,0,0.16911337333422574
1,1,4,12,1,1,1,23,28,8,8,1,0,0,1,0,1,18,0,0,8,8,8,13.39125,0,9.4,-0.8,-3.12,0,0,0.02929909008462412
1,13,1,16,1,1,1,22,14,10,4,0,0,0,1,0,0,20,0,6,14,22,12,12.153846153846152,0,10.8,1.4,1.74,1,0,0.3574139781589952
1,1,1,9,1,1,1,23,14,4,11,1,0,0,1,0,0,20,0,0,5,5,4,12.0,0,7.6,2.6,0.32,0,0,0.10330474988810524
1,1,2,14,1,1,1,23,27,6,6,1,0,0,1,0,0,21,0,0,5,5,4,11.75,0,9.4,-0.8,-3.12,0,0,0.1294697476601931
1,8,3,10,1,1,1,1,29,6,4,1,0,0,1,0,0,18,0,0,6,7,6,13.0,0,12.4,0.5,1.79,0,0,0.05428318105949355
1,8,1,9,1,1,1,23,14,7,11,1,0,0,1,0,0,20,0,0,5,8,5,12.333333333333334,0,15.5,2.8,-4.06,0,0,0.06870864132111335
1,1,6,9,1,1,1,3,14,5,6,0,0,0,1,1,0,20,0,0,5,14,3,12.4,0,13.9,-0.3,0.79,0,0,0.27031236962429983
1,12,1,17,0,1,1,13,27,7,9,0,0,0,1,1,0,40,0,0,5,5,5,11.0,0,15.5,2.8,-4.06,0,0,0.2500541720291076
1,1,2,6,1,1,1,1,14,4,4,1,0,0,1,1,0,21,0,0,5,7,4,11.5,0,10.8,1.4,1.74,0,0,0.2025014527362889
1,12,1,8,1,1,1,3,24,4,1,0,0,1,0,1,0,29,0,0,5,11,0,0.0,4,9.4,-0.8,-3.12,1,1,0.9714164108719711
1,15,1,3,0,14,1,1,14,10,10,0,0,0,1,0,1,21,0,3,6,6,6,11.5,0,12.4,0.5,1.79,0,0,0.037322727659433716
1,12,1,17,0,1,1,23,27,10,10,0,0,0,1,1,0,27,0,0,5,0,0,0.0,0,10.8,1.4,1.74,1,1,0.94896295088103
1,15,1,4,1,14,1,1,14,5,11,0,0,0,1,1,1,21,0,0,6,8,6,13.0,0,15.5,2.8,-4.06,0,0,0.10040382408425702
1,8,1,11,1,1,1,1,1,5,9,1,0,0,0,1,0,22,0,0,1,1,0,0.0,0,12.4,0.5,1.79,1,1,0.9689889707310673
1,1,1,3,0,1,1,3,1,3,10,1,0,0,1,1,0,26,0,0,6,6,6,11.833333333333334,0,10.8,1.4,1.74,0,0,0.4183162366381322
1,1,1,6,1,1,1,1,27,5,11,0,0,0,1,0,0,19,0,0,5,7,5,14.4,0,7.6,2.6,0.32,0,0,0.027635735419061072
1,7,2,9,1,1,1,23,27,10,10,1,0,0,1,0,1,22,0,0,5,8,4,12.0,0,16.2,0.3,-0.92,0,0,0.10426688406411609
1,8,1,6,1,1,1,13,14,2,2,1,0,0,1,1,0,18,0,0,6,10,6,14.7,0,16.2,0.3,-0.92,0,0,0.0643344233876964
1,1,2,5,1,1,1,1,14,5,4,0,0,0,1,0,0,19,0,0,6,6,6,12.166666666666666,0,12.7,3.7,-1.7,0,0,0.07064163197084193
1,1,1,17,0,1,1,23,27,10,10,0,0,0,1,1,1,24,0,0,5,5,5,16.0,0,8.9,1.4,3.51,0,0,0.0736272011740622
1,1,1,11,1,1,1,13,14,8,9,1,0,0,1,0,1,20,0,0,6,6,6,14.5,0,12.4,0.5,1.79,0,0,0.03435317754548092
1,1,1,6,1,1,1,22,14,10,10,1,0,0,1,1,0,20,0,0,5,8,5,12.8,0,10.8,1.4,1.74,0,0,0.07035842845966317
1,14,1,3,0,8,1,19,24,1,1,1,0,0,1,0,0,30,0,3,9,11,9,12.666666666666666,0,7.6,2.6,0.32,0,0,0.4956671486184253
1,8,1,14,1,1,1,1,27,5,10,1,0,0,1,0,1,25,0,0,6,8,6,11.285714285714286,0,15.5,2.8,-4.06,0,0,0.10524097012125254
1,8,2,9,1,1,1,13,14,8,8,1,0,0,1,0,1,19,0,0,5,8,5,11.2,0,12.4,0.5,1.79,0,0,0.06460988337004607
1,8,2,3,0,1,1,13,1,6,6,1,0,0,1,0,1,19,0,0,6,10,4,11.5,0,9.4,-0.8,-3.12,1,0,0.12954054342850574
1,1,1,11,1,1,1,13,14,10,10,1,0,0,1,0,1,18,0,0,6,7,6,14.166666666666666,0,15.5,2.8,-4.06,0,0,0.03771177573526596
1,1,1,6,1,1,1,1,14,5,10,1,0,0,1,0,0,24,0,0,5,6,5,13.0,1,12.7,3.7,-1.7,0,0,0.10104666096068224
1,12,1,16,1,1,1,13,1,10,5,0,0,0,0,0,0,30,0,0,6,0,0,0.0,0,12.7,3.7,-1.7,1,1,0.9946647977204002
1,14,1,10,1,1,1,19,24,1,1,0,0,0,1,0,0,30,0,9,16,19,15,12.266666666666667,0,9.4,-0.8,-3.12,0,0,0.09060792221547914
2,12,1,17,0,9,1,22,1,10,5,0,0,0,1,1,0,30,0,0,5,7,3,11.666666666666666,0,7.6,2.6,0.32,1,0,0.39824713125940503
1,1,4,12,1,1,1,22,28,10,10,1,0,0,1,1,1,18,0,0,8,8,7,13.331428571428573,0,10.8,1.4,1.74,0,0,0.04974086534515592
1,14,1,12,1,1,1,1,1,6,9,1,0,0,1,0,1,19,0,0,8,15,7,11.571428571428571,0,12.7,3.7,-1.7,0,0,0.052028698182173955
1,12,1,4,1,1,14,1,1,10,10,0,0,1,0,0,0,29,1,3,9,9,3,14.333333333333334,0,15.5,2.8,-4.06,1,1,0.9784367502900191
1,1,1,3,0,1,1,3,1,2,8,0,0,0,1,0,0,26,0,2,8,11,7,12.75,0,16.2,0.3,-0.92,0,0,0.08808157327404476
1,1,1,5,1,1,1,13,27,8,6,0,0,0,1,0,1,21,0,0,6,7,5,13.8,0,16.2,0.3,-0.92,0,0,0.06952215389676454
1,1,2,9,1,1,1,22,28,10,10,1,0,0,1,1,0,19,0,0,5,10,5,12.0,0,13.9,-0.3,0.79,0,0,0.12091354966066241
1,1,1,9,1,1,1,23,14,10,10,1,0,0,1,1,0,19,0,0,5,5,5,12.8,0,10.8,1.4,1.74,0,0,0.08614515650230875
1,12,1,7,1,1,1,22,28,10,9,0,0,1,1,1,0,24,0,0,5,11,0,0.0,0,16.2,0.3,-0.92,1,1,0.8356058656859501
1,14,1,4,1,1,1,22,27,10,7,0,0,1,1,1,0,23,0,0,6,6,0,0.0,0,15.5,2.8,-4.06,1,1,0.8947429817398208
1,8,2,11,1,1,1,1,2,6,4,1,0,1,1,1,1,19,0,0,6,14,2,10.0,0,13.9,-0.3,0.79,1,1,0.895111052567851
1,1,1,10,1,1,1,23,27,10,6,0,0,0,1,0,1,18,0,0,6,6,6,13.833333333333334,0,15.5,2.8,-4.06,1,0,0.031103830544575082
1,1,4,5,1,1,1,1,1,8,4,1,0,0,1,0,0,18,0,0,6,6,6,15.166666666666666,0,15.5,2.8,-4.06,0,0,0.055135360164277836
1,8,4,12,1,1,1,13,27,6,9,1,0,0,1,0,0,18,0,0,7,7,6,13.983333333333334,0,7.6,2.6,0.32,0,0,0.039967061616146105
2,12,1,2,1,12,1,22,27,10,10,0,0,0,1,1,0,36,0,0,0,0,0,0.0,0,10.8,1.4,1.74,1,1,0.7540567583062344
1,12,1,8,1,7,1,19,26,1,12,0,0,0,1,1,0,29,0,0,5,5,0,0.0,0,7.6,2.6,0.32,1,1,0.9943180538535834
1,15,1,4,1,14,1,22,27,10,2,0,0,0,1,1,1,20,0,0,6,11,5,13.833333333333334,0,15.5,2.8,-4.06,0,0,0.06664016337242192
1,8,2,5,1,1,1,22,28,10,11,1,0,0,1,1,1,23,0,0,6,8,6,13.333333333333334,0,9.4,-0.8,-3.12,0,0,0.0760265003486238
1,8,1,16,1,1,1,13,1,6,6,0,0,0,1,0,0,20,0,0,6,0,0,0.0,0,15.5,2.8,-4.06,1,1,0.9787303509189129
1,1,1,10,1,1,1,23,28,8,9,1,0,0,1,0,0,19,0,0,6,11,4,12.75,0,7.6,2.6,0.32,0,0,0.11770968501296288
1,1,1,14,1,1,1,3,14,4,10,1,0,0,1,1,0,18,0,0,6,9,6,13.571428571428571,0,12.4,0.5,1.79,0,0,0.07870830025667794
1,12,1,17,0,1,14,22,14,10,10,0,0,0,1,0,1,31,1,0,5,13,4,10.5,0,15.5,2.8,-4.06,0,0,0.15943393859496297
1,8,4,16,1,1,1,13,28,5,2,1,0,0,1,0,0,18,0,0,6,7,6,11.666666666666666,0,10.8,1.4,1.74,0,0,0.24818726012036554
1,16,1,11,1,1,1,23,28,10,10,0,0,0,1,0,0,28,0,0,6,8,6,12.857142857142858,0,8.9,1.4,3.51,0,0,0.12978083940194787
1,4,1,4,1,4,1,1,1,5,7,0,0,0,1,1,0,28,0,0,6,14,6,14.875,0,16.2,0.3,-0.92,0,0,0.3888361213173624
1,12,1,15,1,1,1,19,27,1,1,0,0,0,1,0,0,26,0,0,6,8,4,11.75,0,7.6,2.6,0.32,1,1,0.6247122719733759
1,8,1,9,1,1,1,3,3,3,3,0,0,0,1,0,0,20,0,0,5,10,4,11.0,0,15.5,2.8,-4.06,0,0,0.15308628279765987
1,1,1,10,1,1,1,22,27,10,10,1,0,0,1,0,0,19,0,0,6,11,5,11.6,0,7.6,2.6,0.32,0,0,0.06460558468399145
2,12,1,3,0,1,1,19,24,1,1,0,0,0,1,0,0,33,0,0,6,10,5,11.4,0,7.6,2.6,0.32,0,0,0.42740035230193285
2,12,1,3,0,1,1,13,1,5,9,0,0,0,1,1,0,41,0,6,10,10,10,12.5,0,10.8,1.4,1.74,0,0,0.08223903849495563
1,1,1,10,1,1,1,13,14,10,8,0,0,0,1,0,1,18,0,0,6,6,6,14.333333333333334,0,15.5,2.8,-4.06,0,0,0.024550328886999463
1,1,5,9,1,1,1,22,28,8,8,1,0,0,1,0,0,18,0,0,5,9,1,11.0,0,7.6,2.6,0.32,0,0,0.31769732181279675
1,1,1,5,1,1,1,3,3,10,10,1,0,1,0,0,1,19,0,0,6,6,6,11.833333333333334,0,10.8,1.4,1.74,0,1,0.636379074607104
1,1,1,2,1,1,1,13,27,10,10,1,0,0,1,1,1,20,0,0,0,0,0,0.0,0,10.8,1.4,1.74,0,0,0.22173146094337273
1,4,1,12,1,3,1,13,28,5,11,1,0,0,1,0,0,23,0,1,7,8,6,14.357142857142858,0,7.6,2.6,0.32,0,0,0.051431848530130574
1,1,1,2,1,1,1,13,27,8,8,1,0,0,1,1,0,19,0,0,0,0,0,0.0,0,9.4,-0.8,-3.12,0,0,0.30643678106048655
1,12,1,6,1,1,1,13,14,8,8,1,0,0,1,0,0,24,0,0,6,7,6,14.857142857142858,0,13.9,-0.3,0.79,0,0,0.07422066951197871
1,8,1,12,1,1,1,23,27,6,10,1,0,0,1,0,1,18,0,0,8,8,7,14.962857142857144,0,10.8,1.4,1.74,0,0,0.0369450315989107
2,1,1,4,1,1,1,22,27,10,10,1,0,1,1,1,0,35,0,14,17,17,14,10.642857142857142,1,15.5,2.8,-4.06,1,0,0.3942743562305767
1,1,1,12,1,1,1,13,27,5,10,0,0,0,1,1,0,19,0,0,7,7,6,13.7,0,7.6,2.6,0.32,0,0,0.05061741672970415
1,1,4,9,1,1,1,1,14,5,6,0,0,0,1,0,0,18,0,0,5,9,4,11.25,0,8.9,1.4,3.51,0,0,0.10496324406027033
1,8,4,14,1,1,1,3,1,3,4,1,0,0,1,1,0,18,0,0,6,8,6,13.625,0,11.1,0.6,2.02,0,0,0.11082594433966467
1,8,6,14,1,1,1,23,1,10,8,1,0,0,1,1,0,20,0,0,6,8,4,14.25,0,10.8,1.4,1.74,0,0,0.28797381229590785
1,1,1,9,1,1,1,23,28,10,10,1,0,0,1,0,1,21,0,0,5,10,5,13.714285714285714,0,11.1,0.6,2.02,0,0,0.057318417668610164
1,1,6,11,1,1,1,23,14,10,6,1,0,0,1,0,0,18,0,0,6,11,6,12.0,0,8.9,1.4,3.51,0,0,0.07236929503192639
1,6,1,12,1,1,20,3,2,14,5,1,0,0,1,0,0,18,1,0,7,15,4,11.575,0,12.4,0.5,1.79,0,0,0.3694007340903553
4,12,1,12,1,1,1,23,27,8,8,1,0,0,1,0,0,24,0,0,8,11,7,12.16,0,10.8,1.4,1.74,0,0,0.08742873756542507
5,4,1,8,1,3,1,13,28,10,7,0,0,0,0,0,0,27,0,1,5,8,3,14.666666666666666,2,10.8,1.4,1.74,1,1,0.8281022939462912
1,1,1,12,1,1,1,13,28,10,9,0,0,0,1,1,0,20,0,0,8,12,5,12.002,1,10.8,1.4,1.74,1,0,0.14435467022259674
1,8,4,12,1,1,1,23,27,6,8,1,0,0,1,1,1,18,0,0,7,7,7,13.462857142857144,0,11.1,0.6,2.02,0,0,0.07576150422083662
1,8,3,11,1,1,12,23,3,10,4,1,0,1,0,0,0,20,1,0,6,14,3,12.333333333333334,0,10.8,1.4,1.74,1,1,0.6232612942373056
1,12,1,14,1,9,1,1,27,4,6,0,0,0,1,1,1,25,0,0,6,8,6,14.142857142857142,0,15.5,2.8,-4.06,0,0,0.08040512729039044
1,8,3,12,1,1,1,23,1,10,5,1,0,0,1,0,1,18,0,0,7,7,6,13.05,0,7.6,2.6,0.32,0,0,0.05712913670313009
1,14,5,3,0,1,1,19,24,1,1,0,0,0,1,1,0,37,0,0,6,12,0,0.0,0,7.6,2.6,0.32,1,1,0.9521711294528327
1,8,1,12,1,1,1,2,28,3,11,1,0,0,1,0,0,18,0,0,7,9,7,12.50625,0,13.9,-0.3,0.79,0,0,0.05621504265082502
1,1,2,12,1,1,1,3,1,5,4,0,0,0,1,0,0,18,0,0,7,7,7,13.995714285714287,0,11.1,0.6,2.02,0,0,0.038776781748922635
1,14,1,8,1,1,1,2,1,3,4,1,0,0,1,0,0,22,0,0,5,11,4,12.25,0,12.7,3.7,-1.7,0,0,0.23568287769322283
1,1,3,15,1,1,1,19,1,6,11,1,0,0,0,1,0,19,0,0,4,8,0,0.0,1,9.4,-0.8,-3.12,1,1,0.978203466665195
1,1,1,14,1,1,1,19,28,1,5,0,0,0,1,0,0,22,0,0,5,6,2,12.5,0,9.4,-0.8,-3.12,1,1,0.6884061054580902
2,12,2,7,1,12,1,22,27,8,8,0,0,0,0,1,0,33,0,0,5,11,0,0.0,0,9.4,-0.8,-3.12,1,1,0.9491593303486365
1,1,1,14,1,1,1,22,27,10,7,0,0,0,1,0,1,18,0,0,5,7,3,12.666666666666666,0,9.4,-0.8,-3.12,0,0,0.06845905572670805
1,12,1,4,1,1,1,13,1,10,7,1,0,0,0,1,0,27,0,0,6,6,0,0.0,0,15.5,2.8,-4.06,1,1,0.9741747251208002
1,1,6,9,1,1,1,22,27,10,10,0,0,0,1,0,0,18,0,0,5,9,3,11.666666666666666,0,7.6,2.6,0.32,0,0,0.14291361457168028
1,8,6,12,1,1,1,1,14,4,4,1,0,0,1,0,0,19,0,0,7,8,5,14.0,0,13.9,-0.3,0.79,1,0,0.09617832767452139
1,1,1,6,1,1,1,22,14,10,6,1,0,0,1,0,1,19,0,0,5,10,2,13.5,0,10.8,1.4,1.74,0,0,0.228851843595382
1,1,3,9,1,1,1,1,1,6,4,1,0,0,1,1,0,19,0,0,5,6,0,0.0,0,7.6,2.6,0.32,0,1,0.651032683641491
1,8,1,12,1,1,1,13,14,5,10,0,0,0,1,1,0,21,0,0,8,8,7,14.54,0,10.8,1.4,1.74,0,0,0.05363504333223886
1,15,1,6,1,14,1,23,28,5,2,1,0,0,1,1,0,20,0,1,6,11,6,13.8,0,16.2,0.3,-0.92,0,0,0.07491228840267032
1,1,2,15,1,1,1,13,14,10,10,0,0,0,1,1,0,19,0,0,6,0,0,0.0,0,12.4,0.5,1.79,1,1,0.9365609195586687
1,12,1,14,1,12,1,13,1,6,9,1,0,0,1,1,1,24,0,0,6,10,4,11.6,0,11.1,0.6,2.02,0,0,0.33753366995920764
1,12,1,2,1,1,1,22,27,10,8,0,0,1,1,1,1,33,0,0,0,0,0,0.0,0,15.5,2.8,-4.06,1,1,0.7084060503009786
1,8,1,5,1,1,1,3,3,4,4,0,0,0,1,1,0,18,0,0,6,6,6,16.0,0,12.4,0.5,1.79,0,0,0.11316804407478111
2,12,1,4,1,1,1,1,3,5,3,0,0,1,0,1,0,49,0,4,12,16,5,11.6,0,8.9,1.4,3.51,1,1,0.9689711349359554
1,4,1,1,1,15,1,23,27,6,7,1,0,1,0,1,0,25,0,18,21,26,21,12.363636363636363,0,11.1,0.6,2.02,1,0,0.21946790099891328
1,8,3,12,1,1,1,1,1,10,10,1,0,0,1,0,1,18,0,0,7,7,7,14.868571428571428,0,11.1,0.6,2.02,0,0,0.044403414296300625
1,12,1,14,1,1,1,1,1,5,5,0,0,0,1,0,0,24,0,0,6,12,2,11.666666666666666,0,16.2,0.3,-0.92,1,1,0.8484569462616327
1,1,1,16,1,1,1,3,1,3,6,1,1,0,1,0,0,18,0,0,7,10,6,10.666666666666666,0,13.9,-0.3,0.79,0,0,0.4384350365395833
1,8,1,14,1,1,1,23,27,8,6,0,0,0,1,1,1,18,0,0,6,7,6,12.285714285714286,0,16.2,0.3,-0.92,0,0,0.08280396362145555
1,1,2,15,1,1,1,13,1,10,4,1,0,0,1,0,0,18,0,0,6,6,6,12.666666666666666,0,12.7,3.7,-1.7,0,0,0.062046498044445675
1,1,1,8,1,1,1,4,3,4,4,0,0,0,1,1,0,18,0,0,6,7,6,14.285714285714286,0,11.1,0.6,2.02,0,0,0.16029333767714235
1,1,1,2,1,1,1,13,14,6,11,1,0,0,1,1,0,19,0,0,0,0,0,0.0,0,15.5,2.8,-4.06,1,0,0.3757936810368011
1,14,1,12,1,1,1,3,4,3,5,0,0,0,1,1,0,18,0,0,7,12,4,12.65,0,16.2,0.3,-0.92,1,0,0.33524666590290786
1,12,1,17,0,1,1,1,1,4,8,0,0,0,1,1,0,26,0,0,5,5,5,12.4,0,15.5,2.8,-4.06,0,0,0.17411760851195993
1,1,1,15,1,1,1,13,28,10,6,0,0,0,1,0,0,18,0,0,6,6,5,13.0,0,12.7,3.7,-1.7,0,0,0.09145760087961191
2,1,4,16,1,1,1,22,27,6,8,0,1,0,1,0,1,19,0,0,6,6,6,13.333333333333334,0,10.8,1.4,1.74,0,0,0.18099512939878012
1,9,3,5,1,1,1,23,27,10,8,1,0,0,1,0,1,19,0,0,6,6,6,12.666666666666666,0,15.5,2.8,-4.06,0,0,0.049153772816136074
1,14,2,12,1,1,1,22,24,12,1,0,0,1,1,0,0,22,0,11,14,14,12,12.333333333333334,2,7.6,2.6,0.32,0,0,0.2198439354278435
1,12,1,6,1,12,1,22,27,5,9,0,0,0,1,0,0,35,0,0,6,11,3,12.666666666666666,0,11.1,0.6,2.02,1,1,0.5577728293735889
1,1,1,12,1,1,1,13,27,10,8,1,0,0,1,0,1,18,0,0,7,9,7,12.855555555555554,0,15.5,2.8,-4.06,0,0,0.03473977873608524
2,12,1,12,1,12,1,22,28,10,11,1,0,0,1,0,0,39,0,0,7,12,4,12.0,0,11.1,0.6,2.02,1,0,0.47412149255494207
1,5,1,12,1,1,10,3,3,3,10,1,0,1,0,0,0,23,1,0,8,11,7,11.328571428571427,0,12.7,3.7,-1.7,1,1,0.6811472912260362
1,1,3,15,1,1,1,3,1,3,4,1,0,0,1,0,0,18,0,0,6,7,6,14.857142857142858,0,13.9,-0.3,0.79,0,0,0.055135360164277836
1,1,4,14,1,1,1,1,1,8,8,1,0,0,1,0,0,20,0,0,6,7,0,0.0,0,16.2,0.3,-0.92,1,1,0.8388073461007928
1,7,4,11,1,1,1,23,27,10,8,1,0,0,1,0,1,21,0,0,6,7,6,13.571428571428571,0,8.9,1.4,3.51,0,0,0.04406550448713348
1,1,2,12,1,1,1,1,1,5,11,1,0,0,1,0,0,19,0,0,8,8,7,12.764285714285714,0,10.8,1.4,1.74,0,0,0.04279593321267138
4,12,2,9,1,12,1,22,27,10,8,0,0,1,0,1,0,70,0,0,5,5,0,0.0,0,10.8,1.4,1.74,1,1,0.9732775545773509
1,8,1,9,1,1,1,22,28,10,10,1,0,1,1,0,1,18,0,0,5,5,5,12.8,0,11.1,0.6,2.02,0,0,0.19268752826151037
1,12,1,4,1,12,1,22,27,10,10,0,0,0,1,0,0,44,0,0,6,10,1,12.0,0,11.1,0.6,2.02,1,1,0.8461477029702177
2,12,1,17,0,1,1,23,28,2,5,0,0,0,1,1,0,43,0,0,5,5,5,13.8,0,10.8,1.4,1.74,0,0,0.13493147739571165
1,15,1,4,1,14,1,22,27,10,7,1,0,0,1,1,1,20,0,0,6,10,5,12.6,0,12.4,0.5,1.79,0,0,0.05066974259366111
1,8,4,12,1,1,1,3,1,3,6,1,0,0,1,0,0,18,0,0,7,7,7,13.457142857142856,0,13.9,-0.3,0.79,0,0,0.06548990867795709
1,1,2,12,1,1,1,22,27,10,8,1,0,0,1,0,1,19,0,0,7,8,7,14.7875,0,13.9,-0.3,0.79,0,0,0.03060130444400395
1,14,1,12,1,1,1,1,1,8,5,1,0,0,1,1,0,22,0,0,8,9,8,12.55375,1,9.4,-0.8,-3.12,0,0,0.07640556985142767
1,8,1,14,1,1,1,13,14,2,2,0,0,0,1,0,0,18,0,0,5,5,4,11.0,0,9.4,-0.8,-3.12,0,0,0.15737004275515798
1,15,1,4,1,14,1,13,28,7,7,1,0,0,1,1,0,19,0,0,6,8,6,12.142857142857142,0,12.4,0.5,1.79,0,0,0.05053299290847316
1,1,1,2,1,1,1,13,27,6,7,1,0,1,0,0,0,18,0,0,0,0,0,0.0,0,8.9,1.4,3.51,1,1,0.6033752713260226
1,1,1,2,1,1,1,3,27,10,10,1,0,0,1,0,0,18,0,0,0,0,0,0.0,0,16.2,0.3,-0.92,1,0,0.2591230933987115
1,1,1,10,1,1,1,22,28,10,10,1,0,1,0,0,1,19,0,0,6,8,5,10.6,0,10.8,1.4,1.74,0,1,0.755863179094899
1,16,1,7,1,1,1,1,14,5,5,0,0,0,1,1,0,23,0,0,5,7,2,13.0,0,8.9,1.4,3.51,1,1,0.6110742249431046
1,8,3,7,1,1,1,1,14,5,4,1,0,0,1,1,1,18,0,0,5,9,4,12.25,0,8.9,1.4,3.51,1,0,0.1324551239417866
1,12,1,11,1,1,1,22,27,5,7,0,0,0,1,0,0,33,0,5,10,14,9,12.416666666666666,0,10.8,1.4,1.74,0,0,0.055735840625299606
1,1,1,12,1,1,1,13,14,8,10,0,0,0,1,0,1,19,0,0,8,8,7,14.4,0,12.7,3.7,-1.7,0,0,0.027147353151846916
1,1,6,12,1,1,1,4,10,6,10,1,0,0,1,0,0,18,0,0,7,7,7,13.877142857142855,0,12.4,0.5,1.79,0,0,0.058177594300930266
1,1,1,11,1,1,1,1,28,10,10,1,0,0,1,1,1,20,0,0,6,7,6,13.571428571428571,0,8.9,1.4,3.51,0,0,0.06534209101505688
1,1,2,11,1,1,1,13,14,10,10,1,0,0,1,0,1,19,0,0,6,9,5,13.2,0,12.4,0.5,1.79,0,0,0.06854042430812189
1,1,1,9,1,1,1,13,14,4,10,1,0,0,1,0,1,20,0,0,5,7,5,14.2,0,11.1,0.6,2.02,0,0,0.04533848276533244
1,1,1,12,1,1,1,13,27,6,6,0,0,0,1,0,1,18,0,0,8,8,7,14.428571428571429,0,12.7,3.7,-1.7,0,0,0.027611850892029277
1,1,3,10,1,1,1,1,1,10,10,1,0,0,1,1,0,22,0,0,6,6,4,11.25,0,8.9,1.4,3.51,0,0,0.4442039367417683
1,14,1,6,1,1,1,13,28,8,8,1,0,0,1,0,0,20,0,0,5,9,4,12.0,0,10.8,1.4,1.74,0,0,0.05210244873192268
1,16,1,7,1,1,1,2,27,3,10,1,0,0,1,1,0,19,0,0,5,10,0,0.0,0,7.6,2.6,0.32,0,1,0.6671015293435408
2,14,1,3,0,10,1,19,24,1,1,0,0,0,0,0,0,34,0,3,7,13,3,12.0,0,9.4,-0.8,-3.12,1,1,0.9676721728412206
2,12,1,9,1,1,1,22,27,10,11,0,0,0,1,0,0,41,0,0,5,14,4,14.5,1,9.4,-0.8,-3.12,0,0,0.11453533490077608
2,16,1,16,1,1,1,22,27,8,9,0,0,0,1,0,0,35,0,0,7,7,0,0.0,0,8.9,1.4,3.51,1,1,0.966011694640043
1,13,1,12,1,1,14,3,1,4,11,1,0,0,0,0,0,33,1,1,7,10,5,12.16,0,12.4,0.5,1.79,1,1,0.8654544158563167
1,1,3,12,1,1,1,13,14,10,10,1,0,0,1,0,0,18,0,0,8,8,7,15.657142857142857,0,12.7,3.7,-1.7,0,0,0.049002395156463326
1,1,1,10,1,1,1,1,1,10,5,1,0,1,0,0,1,22,0,0,6,0,0,0.0,0,12.4,0.5,1.79,1,1,0.9459235483216316
1,12,1,10,1,1,1,23,14,10,10,1,0,0,1,0,0,24,0,0,6,9,4,15.75,0,9.4,-0.8,-3.12,0,0,0.17033253067600396
1,1,4,15,1,1,1,1,10,10,11,1,0,0,1,0,1,22,0,0,6,7,5,13.2,0,12.4,0.5,1.79,0,0,0.07019854455879032
5,12,1,9,1,1,1,1,14,5,8,0,0,0,0,1,0,29,0,0,5,5,1,13.0,0,8.9,1.4,3.51,1,1,0.9006099365237945
1,14,1,12,1,1,1,23,14,6,6,1,0,0,1,0,1,24,0,0,8,8,7,11.971428571428572,0,12.7,3.7,-1.7,0,0,0.05424537319002624
1,1,1,16,1,1,1,13,14,10,10,1,0,0,1,0,0,23,0,0,6,9,5,11.6,0,12.7,3.7,-1.7,1,0,0.4573641417060589
2,12,1,15,1,12,1,22,27,1,1,0,0,1,0,1,0,50,0,0,6,7,1,15.0,0,10.8,1.4,1.74,1,1,0.9815387041346455
1,8,1,14,1,1,1,10,28,10,6,0,0,0,1,0,1,19,0,0,6,6,6,13.666666666666666,0,8.9,1.4,3.51,0,0,0.11605715731073184
1,9,6,12,1,1,1,22,27,10,8,0,0,0,1,0,1,20,0,0,8,8,7,12.791428571428572,1,10.8,1.4,1.74,0,0,0.03194317005350764
1,8,3,9,1,1,1,23,14,8,8,0,0,0,1,0,0,20,0,0,5,7,5,11.166666666666666,0,15.5,2.8,-4.06,0,0,0.08612672318488865
1,8,1,4,1,1,1,22,3,6,3,0,0,0,1,1,0,19,0,0,6,10,6,13.666666666666666,0,13.9,-0.3,0.79,1,0,0.08248495094578122
1,1,1,12,1,1,1,13,27,10,10,1,0,0,1,0,0,18,0,0,8,8,7,14.13714285714286,0,10.8,1.4,1.74,0,0,0.03529575751215753
1,12,1,15,1,9,1,1,1,10,10,1,0,0,1,1,0,52,0,0,6,7,5,13.0,0,9.4,-0.8,-3.12,0,0,0.26614944413861913
1,1,1,2,1,1,1,1,28,5,10,1,0,0,0,0,0,19,0,0,0,0,0,0.0,0,7.6,2.6,0.32,1,1,0.7882671195297073
1,1,4,12,1,1,1,1,27,5,4,1,0,0,1,0,1,19,0,0,7,9,7,12.1375,0,12.4,0.5,1.79,0,0,0.039645333235289994
1,1,1,10,1,1,1,22,27,10,10,1,0,0,1,0,0,19,0,0,6,10,4,10.25,0,11.1,0.6,2.02,0,0,0.41086262455301914
4,4,1,9,1,3,1,13,1,6,6,0,0,0,1,0,0,35,0,0,5,5,0,0.0,0,11.1,0.6,2.02,1,1,0.89935911041305
1,12,1,3,0,13,1,23,27,5,9,0,0,0,1,1,0,29,0,0,6,11,6,12.0,0,11.1,0.6,2.02,0,0,0.1635793386541154
1,1,1,16,1,1,1,13,27,6,8,0,0,0,1,0,1,18,0,0,6,11,4,12.0,0,15.5,2.8,-4.06,0,0,0.3630456870133189
1,5,1,6,1,1,1,13,14,5,6,1,0,0,1,0,0,21,0,0,5,6,5,14.2,0,10.8,1.4,1.74,0,0,0.039064726107767275
1,15,1,4,1,14,1,22,28,5,9,0,0,0,1,0,1,21,0,0,6,9,6,12.666666666666666,0,13.9,-0.3,0.79,0,0,0.02725052546936854
1,1,2,10,1,1,1,13,14,10,10,1,0,0,1,0,1,20,0,0,6,7,6,12.571428571428571,0,12.4,0.5,1.79,0,0,0.028034420703102945
1,15,1,10,1,14,1,1,1,5,4,0,0,0,1,1,0,22,0,3,6,7,6,12.333333333333334,0,13.9,-0.3,0.79,1,0,0.07227766924943566
1,1,3,9,1,1,1,1,28,6,8,1,0,0,1,0,1,19,0,0,5,5,5,11.6,0,9.4,-0.8,-3.12,0,0,0.04744389314328029
1,1,1,10,1,1,1,13,28,8,6,0,0,0,1,0,0,20,0,0,6,13,1,10.0,0,9.4,-0.8,-3.12,0,1,0.5454608171293469
1,6,1,2,1,1,12,1,1,3,10,0,0,0,1,1,0,21,1,6,12,12,12,15.083333333333334,0,8.9,1.4,3.51,0,0,0.02038013855948837
1,8,2,3,0,1,1,13,1,2,2,0,0,0,1,0,1,20,0,0,6,6,6,11.666666666666666,0,10.8,1.4,1.74,0,0,0.041943308744751925
1,15,1,6,1,14,1,23,27,5,11,0,0,1,0,0,0,20,0,1,6,13,4,13.0,0,16.2,0.3,-0.92,1,1,0.9051933641783765
1,9,1,12,1,1,1,23,27,6,6,1,0,0,1,0,0,20,0,0,8,8,7,14.402857142857142,0,10.8,1.4,1.74,0,0,0.039589263276324727
1,8,5,7,1,1,1,13,27,10,8,1,0,0,1,1,1,19,0,0,5,9,5,12.6,0,8.9,1.4,3.51,1,0,0.06708477954839565
1,8,1,9,1,1,1,13,14,8,8,1,0,0,1,0,0,23,0,0,5,7,2,10.0,1,9.4,-0.8,-3.12,0,1,0.7028582744721097
1,8,6,9,1,1,1,13,1,10,5,1,0,0,1,1,0,19,0,0,5,8,5,11.6,1,9.4,-0.8,-3.12,0,0,0.19770559951617261
1,1,1,10,1,1,1,13,28,10,10,1,0,1,1,0,1,18,0,0,6,8,5,11.6,0,7.6,2.6,0.32,0,0,0.10192616583770805
1,1,1,14,1,1,1,22,14,10,10,1,0,0,1,0,0,22,0,0,5,7,3,12.666666666666666,0,7.6,2.6,0.32,0,0,0.14574666768820027
1,1,1,15,1,1,1,13,27,5,8,0,0,0,1,0,1,19,0,0,6,7,6,14.714285714285714,0,13.9,-0.3,0.79,0,0,0.03434069039235527
1,1,1,6,1,1,1,13,1,6,5,1,0,0,1,0,0,20,0,0,5,7,4,12.75,0,10.8,1.4,1.74,0,0,0.12365686455914265
1,14,1,9,1,1,1,3,14,10,10,0,0,0,1,0,0,21,0,3,10,18,6,11.166666666666666,2,7.6,2.6,0.32,0,0,0.11100966083291225
1,8,5,11,1,1,1,1,14,5,8,1,0,0,0,1,0,18,0,0,6,12,0,0.0,0,9.4,-0.8,-3.12,1,1,0.9655751631763313
4,12,1,3,0,12,1,22,27,12,8,0,0,0,0,0,0,31,0,0,6,8,5,11.4,0,9.4,-0.8,-3.12,1,1,0.9252391508269153
1,8,1,12,1,1,1,13,3,5,10,0,0,0,1,1,0,18,0,0,8,8,7,13.55714285714286,0,12.7,3.7,-1.7,0,0,0.0834283063868175
1,14,2,7,1,1,1,23,14,10,7,1,0,1,1,1,0,18,0,0,5,9,2,10.0,0,15.5,2.8,-4.06,0,1,0.6686579319157381
1,1,4,10,1,1,1,1,28,10,8,1,0,0,1,0,1,19,0,0,6,6,6,13.5,0,11.1,0.6,2.02,0,0,0.03742611610749706
1,8,2,14,1,1,1,1,1,5,11,1,0,0,1,1,0,19,0,0,6,8,6,13.857142857142858,0,15.5,2.8,-4.06,0,0,0.10936846219936162
1,1,2,11,1,1,1,22,27,10,10,1,0,0,1,0,1,18,0,0,6,8,6,10.571428571428571,0,16.2,0.3,-0.92,0,0,0.0593506056640846
1,1,1,15,1,1,1,23,28,10,10,1,0,0,1,0,1,18,0,0,6,6,6,13.333333333333334,0,9.4,-0.8,-3.12,0,0,0.03812171188012523
1,1,3,15,1,1,1,1,29,5,2,1,1,0,1,1,0,21,0,0,6,6,5,11.8,0,16.2,0.3,-0.92,1,0,0.18229107078360343
1,9,3,9,1,1,1,1,28,5,8,1,0,0,0,1,0,23,0,0,5,0,0,0.0,0,8.9,1.4,3.51,1,1,0.9750669815502158
1,8,1,14,1,1,1,1,14,20,18,1,0,0,1,0,0,22,0,0,6,6,6,15.166666666666666,0,13.9,-0.3,0.79,0,0,0.06031153119242526
1,15,1,2,1,14,1,1,1,2,8,0,0,0,1,1,0,19,0,0,0,0,0,0.0,0,12.4,0.5,1.79,1,0,0.34246880900034526
2,2,1,9,1,2,1,22,27,10,10,0,0,0,0,1,0,57,0,12,15,17,12,11.75,0,9.4,-0.8,-3.12,1,1,0.9055019761757442
1,1,1,14,1,1,1,1,14,8,6,1,0,0,1,1,0,20,0,0,6,10,6,12.714285714285714,0,12.4,0.5,1.79,0,0,0.07861447005443703
1,1,1,12,1,1,1,13,14,4,4,0,0,0,1,1,0,19,0,0,8,8,7,13.714285714285714,0,12.7,3.7,-1.7,0,0,0.0679860113185911
1,1,1,2,1,1,1,13,27,10,8,1,0,0,1,0,1,21,0,15,17,18,17,13.38888888888889,0,11.1,0.6,2.02,0,0,0.015543877217619084
1,8,4,14,1,1,1,23,14,10,7,1,0,0,1,0,1,18,0,0,6,6,6,14.0,0,8.9,1.4,3.51,0,0,0.02533092406342972
1,1,1,10,1,1,1,13,1,8,4,1,0,0,1,1,0,18,0,0,6,10,5,11.6,0,10.8,1.4,1.74,0,0,0.16942938143449757
1,1,1,15,1,1,1,22,28,8,8,0,0,0,1,0,1,18,0,0,6,6,6,12.166666666666666,0,15.5,2.8,-4.06,0,0,0.04585325610657842
1,1,1,12,1,1,1,13,28,8,11,1,0,0,1,0,1,18,0,0,7,9,7,13.3,0,15.5,2.8,-4.06,0,0,0.03411864089723639
1,1,2,15,1,1,1,13,28,6,1,1,0,0,1,0,0,19,0,0,6,11,1,13.0,0,7.6,2.6,0.32,1,0,0.499040826964946
1,8,3,2,1,1,1,1,27,5,8,1,0,0,1,1,1,19,0,0,0,0,0,0.0,0,10.8,1.4,1.74,0,0,0.28645500599851675
1,8,4,7,1,1,1,22,14,10,5,1,0,0,1,1,0,18,0,0,5,8,4,12.5,0,7.6,2.6,0.32,0,0,0.22665808234236534
1,1,2,6,1,1,1,23,27,6,8,1,0,0,1,0,0,18,0,0,5,9,4,13.0,0,10.8,1.4,1.74,0,0,0.10264001895788585
1,12,1,3,0,1,1,10,5,10,5,0,0,1,0,0,0,37,0,0,6,6,0,0.0,0,8.9,1.4,3.51,1,1,0.9827825634206792
1,8,4,12,1,1,1,1,1,4,4,1,0,0,1,0,0,23,0,0,7,7,6,13.796666666666669,0,12.4,0.5,1.79,0,0,0.09588245284743613
1,1,1,10,1,1,1,22,28,10,4,0,0,0,1,0,0,18,0,0,6,13,4,11.0,0,15.5,2.8,-4.06,0,0,0.16313024207657176
1,1,1,4,1,1,1,1,14,32,45,0,0,1,1,1,0,18,0,0,6,6,5,15.0,0,8.9,1.4,3.51,0,0,0.09297840911402558
1,8,3,12,1,1,1,23,1,10,6,1,0,0,1,0,0,18,0,0,8,8,7,14.652857142857142,0,10.8,1.4,1.74,0,0,0.04232146734839945
1,2,1,9,1,1,1,22,27,10,10,1,0,0,1,0,0,29,0,13,15,19,13,11.76923076923077,0,9.4,-0.8,-3.12,0,0,0.20104981422886944
1,1,5,12,1,1,1,22,27,8,8,1,0,0,1,0,1,19,0,0,8,8,7,12.771428571428572,1,9.4,-0.8,-3.12,0,0,0.03425864414051744
1,14,3,12,1,1,1,1,14,10,8,1,0,1,1,0,1,20,0,0,7,9,7,12.327777777777778,0,15.5,2.8,-4.06,0,0,0.10013426610524706
6,12,1,3,0,1,1,22,1,10,8,0,0,0,1,0,1,41,0,0,6,10,5,12.833333333333334,0,13.9,-0.3,0.79,0,0,0.08287861834471316
1,1,1,11,1,1,2,22,1,10,4,1,0,0,1,1,0,18,1,0,6,6,6,13.666666666666666,0,7.6,2.6,0.32,0,0,0.07116044188246338
1,9,1,12,1,1,1,22,14,6,6,0,0,0,1,0,1,19,0,0,8,9,8,13.78125,1,9.4,-0.8,-3.12,0,0,0.031109997097534932
1,17,1,6,1,16,1,13,27,10,9,1,0,0,1,0,1,22,0,7,11,18,8,13.5,0,8.9,1.4,3.51,0,0,0.03700829184637281
1,12,1,13,1,12,1,22,28,10,10,0,0,0,1,0,0,29,0,0,7,9,1,10.0,0,12.7,3.7,-1.7,1,1,0.9453099929239617
1,16,1,6,1,1,1,3,3,3,9,1,0,0,1,0,0,22,0,4,12,19,11,14.153846153846152,0,8.9,1.4,3.51,0,0,0.04505648836854865
1,15,1,2,1,14,1,4,4,3,3,0,0,0,1,1,0,25,0,0,0,0,0,0.0,0,15.5,2.8,-4.06,0,1,0.6502573069390256
1,15,1,8,1,14,1,5,1,3,6,1,0,0,1,1,0,19,0,1,6,13,5,11.6,0,13.9,-0.3,0.79,0,0,0.3687808850964837
1,1,2,15,1,1,1,1,14,5,6,1,0,0,1,0,0,18,0,0,5,7,2,10.0,0,12.7,3.7,-1.7,1,1,0.5815230687720936
1,8,4,12,1,1,1,22,27,6,6,1,0,0,1,0,0,21,0,0,7,7,7,14.428571428571429,0,16.2,0.3,-0.92,0,0,0.05434012409233039
2,15,1,17,0,14,1,22,27,10,10,0,0,0,1,0,0,41,0,2,6,10,4,12.25,0,9.4,-0.8,-3.12,0,0,0.2696855189018124
1,14,1,3,0,1,1,22,27,10,10,0,0,0,1,0,0,23,0,9,13,15,9,11.0,0,15.5,2.8,-4.06,0,0,0.1189245248941354
1,1,1,10,1,1,1,13,28,8,8,0,0,0,1,1,0,20,0,0,6,12,4,11.75,0,15.5,2.8,-4.06,0,0,0.3028842626128122
1,8,1,14,1,1,1,13,27,6,6,1,0,0,1,1,1,19,0,0,6,7,4,13.75,0,10.8,1.4,1.74,0,0,0.26980637639583527
1,8,2,14,1,1,1,1,14,6,5,0,0,0,1,0,0,19,0,0,5,5,5,14.2,0,7.6,2.6,0.32,0,0,0.04877899924129731
1,8,2,14,1,1,1,1,14,6,4,1,0,0,1,1,0,21,0,0,5,7,3,12.333333333333334,0,7.6,2.6,0.32,1,0,0.24337961868992553
1,1,1,15,1,1,1,13,27,10,10,1,1,0,1,0,0,19,0,0,6,10,5,11.8,0,10.8,1.4,1.74,0,0,0.09756675118822855
4,12,1,12,1,12,1,23,14,6,8,0,0,0,1,0,1,26,0,0,7,13,5,12.74,0,16.2,0.3,-0.92,1,0,0.12668805855357584
1,8,4,9,1,1,1,1,1,5,6,1,0,0,1,0,0,19,0,0,5,6,5,12.4,0,7.6,2.6,0.32,0,0,0.05019371595916637
1,8,2,15,1,1,1,23,27,6,4,1,0,0,1,0,0,20,0,0,6,8,6,13.428571428571429,0,9.4,-0.8,-3.12,0,0,0.0615997902513578
1,8,3,16,1,1,1,10,1,5,1,1,0,0,1,0,0,18,0,0,6,12,0,0.0,0,7.6,2.6,0.32,1,1,0.9534619029617876
1,14,1,12,1,1,1,23,14,10,6,1,0,0,1,0,0,19,0,0,8,12,7,12.071428571428571,0,12.7,3.7,-1.7,0,0,0.056032215547857644
1,1,1,12,1,1,1,1,1,5,5,0,0,0,1,1,1,21,0,0,7,9,6,13.342857142857143,0,12.4,0.5,1.79,0,0,0.06795719354858777
1,12,1,3,0,1,1,22,27,10,10,0,0,0,1,0,1,35,0,0,6,8,6,10.833333333333334,0,10.8,1.4,1.74,0,0,0.04814974659316933
1,14,1,14,1,1,1,3,14,5,9,0,0,0,1,1,0,19,0,0,6,17,4,12.5,0,13.9,-0.3,0.79,0,0,0.3085994725124188
1,1,2,15,1,1,1,13,27,10,11,1,0,0,1,0,1,18,0,0,6,7,6,12.666666666666666,0,11.1,0.6,2.02,0,0,0.04479212615134179
1,1,1,6,1,1,1,23,27,5,5,0,0,0,1,0,1,19,0,0,6,8,6,15.0,0,11.1,0.6,2.02,0,0,0.037805787850706735
1,12,1,2,1,1,1,10,3,6,3,1,0,0,1,1,0,27,0,0,0,0,0,0.0,0,9.4,-0.8,-3.12,1,1,0.7479406978429842
1,12,1,8,1,12,1,22,27,10,11,1,0,1,1,1,0,44,0,0,6,9,5,11.571428571428571,0,13.9,-0.3,0.79,1,1,0.8363091791576381
1,4,1,12,1,3,1,22,27,12,12,1,0,0,1,1,0,30,0,0,8,8,0,0.0,8,9.4,-0.8,-3.12,1,1,0.9567545179048228
1,1,3,11,1,1,1,1,1,4,4,1,0,0,1,0,0,18,0,0,6,9,4,11.25,0,9.4,-0.8,-3.12,1,0,0.39415459930888824
1,1,1,15,1,1,1,23,28,7,4,0,0,0,1,1,1,18,0,0,6,12,4,11.5,0,10.8,1.4,1.74,0,0,0.2267246067552241
4,12,1,3,0,1,1,22,27,10,9,0,0,0,1,0,1,32,0,0,6,18,2,10.333333333333334,0,16.2,0.3,-0.92,0,1,0.6830948800025562
4,12,1,14,1,1,1,13,14,12,13,0,0,0,1,1,0,42,0,0,6,0,0,0.0,0,12.7,3.7,-1.7,1,1,0.9882464136298437
1,8,4,10,1,1,1,13,14,6,9,1,0,0,1,0,0,18,0,0,6,10,5,12.0,0,16.2,0.3,-0.92,0,0,0.08900775518219181
1,12,1,11,1,12,1,22,27,12,12,0,0,0,1,1,0,48,0,0,6,13,3,10.0,0,7.6,2.6,0.32,1,1,0.8824632324478032
1,8,1,13,1,1,1,1,28,5,10,0,0,0,1,0,0,19,0,0,7,10,6,11.15,0,12.7,3.7,-1.7,0,0,0.13962260601020335
1,1,1,14,1,1,1,1,3,5,4,1,0,0,1,0,0,19,0,0,6,6,6,13.333333333333334,0,8.9,1.4,3.51,1,0,0.04753231132827428
2,12,1,17,0,1,1,22,27,10,10,0,0,0,0,1,0,42,0,0,4,4,0,0.0,0,12.7,3.7,-1.7,1,1,0.977446044949102
1,8,4,10,1,1,1,13,27,10,10,1,0,0,1,0,1,18,0,0,6,8,6,12.75,0,12.7,3.7,-1.7,0,0,0.03610097864901447
1,9,1,8,1,1,1,23,14,10,6,1,0,0,1,0,1,18,0,0,5,7,4,11.5,0,10.8,1.4,1.74,0,0,0.1953849469407424
1,1,6,12,1,1,1,13,28,6,8,1,0,0,1,0,1,18,0,0,8,8,8,13.40375,0,9.4,-0.8,-3.12,0,0,0.028797434701582508
1,9,1,11,1,1,1,23,28,6,6,1,0,0,1,1,0,26,0,0,6,10,4,10.0,0,9.4,-0.8,-3.12,0,1,0.7100633656599492
1,1,3,7,1,1,1,3,1,4,5,1,0,0,1,1,0,18,0,0,5,9,4,12.0,0,8.9,1.4,3.51,0,0,0.2516649250333564
1,17,1,6,1,16,1,1,14,4,9,1,0,0,1,1,1,21,0,7,11,15,9,14.22222222222222,0,8.9,1.4,3.51,0,0,0.0470270067336748
1,12,1,4,1,1,1,23,27,8,8,0,0,0,1,1,0,32,0,12,18,25,18,13.736842105263158,0,15.5,2.8,-4.06,0,0,0.058244143801625
1,1,2,12,1,1,1,1,1,5,4,1,0,0,1,0,0,18,0,0,7,7,6,15.25,0,7.6,2.6,0.32,0,0,0.03527312599731131
1,12,1,7,1,12,1,22,27,10,5,0,0,1,0,1,0,28,0,0,5,10,0,0.0,0,12.4,0.5,1.79,1,1,0.9617290218649948
1,12,1,3,0,14,1,13,27,10,9,0,0,1,0,0,0,26,0,0,6,13,4,12.0,0,16.2,0.3,-0.92,1,1,0.9439995431967421
1,1,1,9,1,1,1,1,14,6,6,1,0,0,1,1,1,19,0,0,5,6,5,13.2,0,16.2,0.3,-0.92,0,0,0.09447711221034219
1,1,3,15,1,1,1,13,14,4,4,0,0,0,1,0,1,18,0,0,6,6,6,13.166666666666666,0,12.4,0.5,1.79,0,0,0.039215178123267996
1,1,1,8,1,1,1,3,3,3,11,0,0,1,0,0,0,23,0,0,6,10,6,14.0,0,11.1,0.6,2.02,0,1,0.5860563139326472
1,8,1,10,1,1,1,1,1,6,7,0,0,0,1,0,1,20,0,0,6,9,6,11.333333333333334,0,10.8,1.4,1.74,0,0,0.02908130360111049
1,1,4,12,1,1,1,1,14,10,8,1,0,0,1,0,0,19,0,0,8,8,7,13.44285714285714,0,12.7,3.7,-1.7,0,0,0.05293610190803133
1,12,1,7,1,1,1,22,27,10,9,0,0,1,0,1,0,45,0,0,5,5,0,0.0,0,15.5,2.8,-4.06,1,1,0.9779469377728711
1,1,2,11,1,1,1,1,27,5,6,1,0,0,1,0,0,18,0,0,6,10,6,12.857142857142858,0,12.7,3.7,-1.7,0,0,0.06022230401559427
1,8,6,12,1,1,1,1,28,5,9,1,0,0,1,0,0,20,0,0,7,9,6,13.0,0,13.9,-0.3,0.79,1,0,0.06797325024029546
2,12,1,13,1,1,3,23,28,10,10,0,0,0,1,0,0,32,1,0,7,10,7,11.0,0,12.7,3.7,-1.7,0,0,0.16375118551190795
1,8,4,15,1,1,1,23,14,10,10,0,0,0,1,0,0,19,0,0,6,8,4,11.25,0,15.5,2.8,-4.06,1,0,0.33140128443381195
1,1,2,2,1,1,1,1,14,4,4,1,0,0,1,0,0,22,0,6,12,12,12,12.916666666666666,0,8.9,1.4,3.51,0,0,0.04477102831347002
2,12,1,12,1,3,1,1,1,5,7,0,0,0,1,1,0,32,0,0,7,7,7,13.62857142857143,0,13.9,-0.3,0.79,0,0,0.09228390428607446
1,16,1,10,1,14,1,23,28,6,8,1,0,0,1,0,1,20,0,6,11,11,11,12.818181818181818,0,12.4,0.5,1.79,0,0,0.044806869299061344
1,1,1,6,1,1,1,1,1,3,8,1,0,0,1,0,1,18,0,0,5,12,5,12.857142857142858,2,9.4,-0.8,-3.12,0,0,0.038648284796774526
1,9,3,5,1,1,1,1,1,4,5,0,0,0,1,0,0,18,0,0,6,6,2,12.0,0,9.4,-0.8,-3.12,1,1,0.7227170280891855
1,15,1,8,1,14,1,23,27,5,10,1,0,0,1,0,1,20,0,0,6,11,4,12.0,0,16.2,0.3,-0.92,0,0,0.4386510608491775
2,12,2,3,0,1,1,19,24,1,1,1,0,0,1,0,0,41,0,0,6,9,5,11.8,0,7.6,2.6,0.32,0,1,0.552782875763201
1,8,6,12,1,1,1,1,1,5,4,1,0,0,1,1,1,18,0,0,7,7,7,12.718571428571428,0,11.1,0.6,2.02,1,0,0.07362315096521968
1,7,1,5,1,1,1,1,1,4,4,1,0,0,1,0,0,18,0,0,6,6,1,15.0,0,9.4,-0.8,-3.12,0,1,0.6024457246412552
2,12,1,17,0,3,1,13,14,10,8,0,0,0,1,0,0,26,0,0,5,5,5,12.0,0,10.8,1.4,1.74,0,0,0.10840301586725715
1,1,3,12,1,1,1,1,1,6,6,1,0,0,1,0,1,19,0,0,7,7,7,13.094285714285714,0,12.4,0.5,1.79,0,0,0.04100690718126512
2,12,1,11,1,1,1,22,27,10,10,0,0,0,1,0,0,41,0,0,6,8,6,12.285714285714286,0,8.9,1.4,3.51,0,0,0.08937530123193436
1,1,6,7,1,1,1,2,1,4,6,1,0,0,1,1,0,18,0,0,5,10,0,0.0,0,7.6,2.6,0.32,0,1,0.5866730463174362
1,1,3,10,1,1,1,23,27,9,9,1,0,0,1,0,1,19,0,0,6,7,6,11.714285714285714,0,13.9,-0.3,0.79,0,0,0.07729135805122622
1,1,2,12,1,1,1,1,1,3,8,1,0,0,1,0,1,18,0,0,8,8,8,13.88125,0,9.4,-0.8,-3.12,0,0,0.25153364697811914
1,1,3,9,1,1,1,1,28,4,9,1,0,0,1,0,1,19,0,0,5,5,5,13.4,0,8.9,1.4,3.51,0,0,0.03805134040673311
1,8,1,10,1,1,1,1,28,10,8,0,0,0,1,0,0,19,0,0,6,10,6,14.25,0,16.2,0.3,-0.92,0,0,0.0360792503746119
1,9,1,14,1,1,1,13,3,10,8,1,0,0,1,0,0,19,0,0,6,8,6,14.125,0,11.1,0.6,2.02,0,0,0.047985235659556036
1,8,1,6,1,1,1,2,14,3,5,1,0,0,1,0,1,20,0,0,6,6,6,14.833333333333334,0,8.9,1.4,3.51,0,0,0.051280407298312486
1,12,1,17,0,1,1,23,28,4,4,0,0,0,1,0,0,25,0,0,5,11,3,10.666666666666666,0,15.5,2.8,-4.06,0,0,0.49642278259744244
1,1,1,14,1,1,1,1,27,5,10,0,0,0,1,1,0,19,0,0,5,8,4,12.5,0,7.6,2.6,0.32,0,0,0.1124961757125906
1,14,1,10,1,1,1,13,14,5,9,1,0,0,1,0,0,21,0,0,6,13,3,12.0,0,16.2,0.3,-0.92,1,0,0.14919058665383161
1,1,4,15,1,1,1,1,3,5,8,1,0,0,1,0,0,20,0,0,4,4,0,0.0,0,8.9,1.4,3.51,1,1,0.663791150811182
1,8,4,16,1,1,1,22,27,10,6,1,0,0,1,0,0,18,0,0,6,7,5,11.8,0,10.8,1.4,1.74,1,0,0.33411374555934903
1,12,1,17,0,1,1,22,14,10,3,0,0,0,0,0,0,40,0,0,4,4,0,0.0,0,12.7,3.7,-1.7,1,1,0.9733373881095791
1,1,2,15,1,1,1,1,1,5,4,0,0,0,1,1,1,18,0,0,6,6,6,12.666666666666666,0,16.2,0.3,-0.92,0,0,0.07455011517403551
1,1,5,12,1,1,1,22,27,10,10,1,0,0,1,0,0,19,0,0,7,7,6,12.666666666666666,0,7.6,2.6,0.32,0,0,0.041612189103463405
1,1,1,11,1,1,1,23,28,5,8,0,0,0,1,0,0,19,0,0,6,0,0,0.0,0,11.1,0.6,2.02,1,1,0.9597727708147026
1,12,1,3,0,12,1,13,14,22,27,0,0,1,1,0,1,39,0,0,6,9,6,11.833333333333334,0,11.1,0.6,2.02,0,0,0.05218610710737937
1,1,1,2,1,1,1,1,10,5,5,1,0,0,1,1,1,20,0,8,14,15,12,10.923076923076923,0,11.1,0.6,2.02,0,0,0.11925441264355982
1,1,4,15,1,1,1,13,27,13,12,0,0,0,0,0,0,18,0,0,4,4,0,0.0,0,12.7,3.7,-1.7,1,1,0.9338261359417034
1,12,1,12,1,1,1,22,14,10,9,1,0,0,1,0,0,27,0,0,7,14,0,0.0,0,11.1,0.6,2.02,1,1,0.910067303589949
1,8,1,9,1,1,1,1,28,10,10,1,0,0,1,1,0,19,0,0,5,10,2,10.5,0,12.4,0.5,1.79,0,1,0.5814033834418754
1,1,5,11,1,1,1,13,27,10,10,0,0,0,1,0,1,19,0,0,6,8,5,11.666666666666666,0,8.9,1.4,3.51,0,0,0.09218632817137107
1,8,1,15,1,1,1,23,14,10,11,1,0,0,1,1,0,18,0,0,6,6,6,12.666666666666666,0,12.4,0.5,1.79,0,0,0.10109643243972778
1,8,6,12,1,1,1,22,14,8,8,1,0,0,1,0,1,22,0,0,7,8,6,13.516666666666666,0,11.1,0.6,2.02,0,0,0.05688791812278765
2,12,1,10,1,1,1,22,27,8,8,0,0,0,1,1,1,40,0,0,6,7,6,12.333333333333334,0,8.9,1.4,3.51,1,0,0.07923349615602131
1,8,4,5,1,1,1,1,3,4,4,0,0,0,1,0,1,18,0,0,6,9,5,11.6,0,8.9,1.4,3.51,0,0,0.07514590515418924
2,12,1,3,0,12,1,23,14,1,11,0,0,1,0,0,0,25,0,0,6,7,6,13.333333333333334,0,7.6,2.6,0.32,0,1,0.7370126069318743
1,1,1,2,1,1,1,1,27,8,8,0,0,0,1,1,0,22,0,0,0,0,0,0.0,0,11.1,0.6,2.02,1,0,0.4230010509957457
1,1,2,2,1,1,1,2,14,6,6,1,0,1,0,1,1,18,0,0,0,0,0,0.0,0,13.9,-0.3,0.79,1,1,0.7613119122251194
1,6,1,13,1,1,12,13,1,10,5,0,0,1,1,0,0,19,1,0,7,11,0,0.0,4,8.9,1.4,3.51,0,1,0.5129501286967758
1,9,3,16,1,1,1,23,27,6,10,1,0,0,0,1,0,19,0,0,6,10,4,12.0,0,10.8,1.4,1.74,1,1,0.9454806178042144
2,12,1,13,1,12,1,23,27,8,8,1,0,1,0,0,1,37,0,0,7,13,1,16.0,0,8.9,1.4,3.51,1,1,0.7864356768394123
1,8,1,6,1,1,1,22,28,8,10,0,0,0,1,0,0,19,0,0,5,11,4,13.6,2,9.4,-0.8,-3.12,0,0,0.057185359829838626
1,8,1,12,1,1,1,3,3,3,3,0,0,0,1,1,0,19,0,0,7,8,7,12.12142857142857,0,12.4,0.5,1.79,0,0,0.10512445892564438
1,1,1,6,1,1,1,13,14,4,4,1,0,0,1,0,0,18,0,0,5,9,5,12.666666666666666,2,9.4,-0.8,-3.12,0,0,0.041594669496548144
1,1,1,12,1,1,1,23,14,10,6,1,0,0,1,0,1,20,0,0,8,8,7,15.798571428571426,0,10.8,1.4,1.74,0,0,0.03588547512280618
1,8,3,5,1,1,1,1,4,5,3,0,0,0,1,1,0,20,0,0,6,6,6,14.166666666666666,0,11.1,0.6,2.02,0,0,0.07707124399845879
1,14,1,3,0,9,1,22,1,10,11,0,0,0,1,1,0,50,0,6,13,13,6,11.333333333333334,0,16.2,0.3,-0.92,1,1,0.6080499968904908
1,1,2,15,1,1,1,23,28,8,8,1,0,1,0,0,0,20,0,0,6,0,0,0.0,0,8.9,1.4,3.51,1,1,0.971992726711467
2,6,1,15,1,1,14,22,27,10,7,0,0,0,1,0,0,59,1,0,6,8,6,12.166666666666666,0,11.1,0.6,2.02,0,0,0.156852661980703
1,4,1,14,1,3,1,16,27,4,4,1,0,0,1,1,0,27,0,7,12,12,9,12.333333333333334,0,9.4,-0.8,-3.12,1,0,0.3097083682647824
1,1,1,10,1,1,1,13,14,7,7,1,0,0,1,0,0,20,0,0,6,6,6,11.5,0,11.1,0.6,2.02,0,0,0.049527334121119246
1,8,2,15,1,1,1,13,14,10,10,0,0,0,1,0,1,18,0,0,6,7,6,13.428571428571429,0,13.9,-0.3,0.79,0,0,0.04950501414468126
1,8,4,11,1,1,1,13,1,6,6,1,0,0,1,1,0,18,0,0,6,7,4,11.0,0,16.2,0.3,-0.92,1,1,0.6809462354184145
1,8,1,14,1,1,1,13,28,8,10,1,0,0,1,0,1,19,0,0,6,9,5,13.5,0,12.4,0.5,1.79,0,0,0.0854761508533516
1,14,1,17,0,1,1,22,27,10,10,1,0,0,1,0,0,27,0,0,5,5,0,0.0,0,7.6,2.6,0.32,1,1,0.8104534372637906
1,1,6,12,1,1,1,22,27,10,9,1,0,0,1,0,1,18,0,0,7,8,7,13.26,0,15.5,2.8,-4.06,0,0,0.039029171168126375
1,12,1,4,1,1,3,1,1,30,29,0,0,0,1,1,0,24,1,0,7,7,7,13.571428571428571,0,8.9,1.4,3.51,0,0,0.031184951643438496
1,1,1,8,1,1,1,13,27,10,9,1,0,0,1,1,0,18,0,0,5,5,5,15.4,0,12.7,3.7,-1.7,1,0,0.1363854386864885
1,8,2,16,1,1,1,1,1,5,1,1,0,0,1,0,0,18,0,0,7,11,5,11.4,0,13.9,-0.3,0.79,0,0,0.45605690840023166
1,1,1,15,1,1,1,13,27,10,10,0,0,1,0,1,1,18,0,0,6,11,5,12.166666666666666,0,13.9,-0.3,0.79,1,1,0.8911432568732822
2,14,1,17,0,2,1,22,27,10,10,0,0,0,0,0,0,38,0,9,12,12,9,12.22222222222222,2,9.4,-0.8,-3.12,1,1,0.8360999197119722
1,15,1,8,1,14,1,23,14,10,10,0,0,0,1,1,0,24,0,2,6,8,4,11.75,0,11.1,0.6,2.02,1,1,0.8297182575476422
1,1,2,9,1,1,1,13,1,6,11,0,0,0,1,1,0,20,0,0,5,9,4,10.2,0,15.5,2.8,-4.06,0,0,0.18866637599437927
1,1,1,14,1,1,1,1,1,1,1,0,0,0,0,1,0,19,0,0,5,5,0,0.0,0,9.4,-0.8,-3.12,1,1,0.9409005541437728
1,8,1,9,1,1,1,22,27,10,7,1,0,1,0,0,1,19,0,0,5,5,5,12.8,0,11.1,0.6,2.02,0,1,0.5734343638968523
1,1,4,12,1,1,1,23,27,8,8,1,0,0,1,0,0,19,0,0,7,9,7,14.283333333333337,0,15.5,2.8,-4.06,0,0,0.04287318639948073
1,1,3,12,1,1,1,13,1,10,4,1,0,0,1,0,1,20,0,0,7,10,6,12.357142857142858,0,13.9,-0.3,0.79,0,0,0.042518828298618166
1,12,1,4,1,9,1,13,1,10,2,0,0,0,1,1,0,29,0,0,6,17,0,0.0,2,15.5,2.8,-4.06,1,1,0.9130349611643698
1,14,1,3,0,1,1,23,3,18,20,0,0,0,1,1,0,54,0,9,13,14,13,13.307692307692308,0,12.7,3.7,-1.7,0,0,0.10351676922569505
1,8,3,13,1,1,1,13,14,10,5,1,0,0,1,0,1,19,0,0,7,8,7,12.142857142857142,0,16.2,0.3,-0.92,1,0,0.07733186987433918
1,12,2,13,1,1,1,22,27,10,10,1,0,0,1,0,0,25,0,0,7,11,7,11.857142857142858,0,12.4,0.5,1.79,0,0,0.15961085987495452
1,1,4,12,1,1,1,1,3,2,3,0,0,0,1,0,1,20,0,0,8,8,7,14.565714285714288,0,10.8,1.4,1.74,0,0,0.02208268195794147
1,8,6,12,1,1,1,3,14,6,6,1,0,0,1,0,1,19,0,0,7,7,7,13.801428571428572,0,11.1,0.6,2.02,0,0,0.049898658349406044
2,4,1,8,1,3,1,5,4,3,1,0,0,1,0,0,0,29,0,7,9,16,7,11.555555555555555,4,7.6,2.6,0.32,1,1,0.9528707337136201
1,8,1,6,1,1,1,13,27,3,8,0,0,0,1,0,0,19,0,0,5,8,1,11.0,0,7.6,2.6,0.32,0,0,0.4227406167699057
1,4,1,16,1,3,1,19,24,1,1,1,0,0,0,0,0,24,0,0,6,12,0,0.0,0,9.4,-0.8,-3.12,1,1,0.9953372703820832
1,1,1,11,1,1,1,13,1,4,8,0,0,0,1,1,0,23,0,0,6,10,6,13.0,0,11.1,0.6,2.02,0,0,0.08524951992958785
1,1,1,14,1,1,1,10,1,10,10,1,0,0,1,0,1,18,0,0,6,8,5,13.5,0,12.4,0.5,1.79,0,0,0.09449688167435599
2,4,1,10,1,3,1,22,27,29,43,0,0,0,1,0,0,31,0,1,6,12,5,12.5,0,12.7,3.7,-1.7,0,0,0.03508419359383701
1,15,1,4,1,14,1,13,27,10,10,1,0,0,1,1,0,23,0,0,6,8,6,12.571428571428571,0,8.9,1.4,3.51,0,0,0.06716410712654397
1,4,1,17,0,15,1,28,3,4,4,0,0,0,1,0,0,27,0,0,5,5,5,15.2,0,11.1,0.6,2.02,0,0,0.0902423229753246
1,1,1,2,1,1,14,1,1,10,8,1,0,0,0,0,0,19,1,6,12,12,12,15.25,0,8.9,1.4,3.51,0,0,0.190165802319764
1,1,5,5,1,1,1,22,27,10,10,1,0,0,1,0,0,20,0,0,6,6,6,11.166666666666666,0,7.6,2.6,0.32,0,0,0.05859104689785773
1,1,1,14,1,1,1,2,1,3,5,1,0,0,1,1,0,20,0,0,5,5,5,12.6,0,7.6,2.6,0.32,0,0,0.08140762149129219
5,12,1,9,1,1,1,13,14,10,10,0,0,0,1,1,0,26,0,0,5,9,5,12.0,0,11.1,0.6,2.02,0,0,0.22894933749318364
2,12,1,9,1,1,1,22,27,7,11,0,0,0,1,0,0,35,0,0,5,6,4,14.2,0,10.8,1.4,1.74,0,0,0.12669495392255747
1,14,2,14,1,1,1,13,1,5,5,1,0,0,1,1,0,22,0,4,6,6,6,11.833333333333334,0,10.8,1.4,1.74,1,0,0.13109645070124284
1,13,1,15,1,6,1,19,24,1,1,1,0,0,1,0,0,34,0,8,10,11,10,12.2,0,7.6,2.6,0.32,0,1,0.665651879958602
1,1,4,11,1,1,1,1,28,6,7,1,0,0,1,0,1,18,0,0,6,7,6,12.285714285714286,0,8.9,1.4,3.51,0,0,0.04379562678676104
1,8,5,6,1,1,1,23,28,10,10,1,0,0,1,0,0,19,0,0,12,22,6,15.307692307692308,0,15.5,2.8,-4.06,0,0,0.1544043258010333
1,8,2,10,1,1,1,13,28,10,10,1,0,0,1,0,0,19,0,0,6,9,6,12.166666666666666,0,8.9,1.4,3.51,0,0,0.05912198429614067
1,1,1,9,1,1,1,1,4,10,11,0,0,0,1,1,0,19,0,0,5,8,5,11.6,0,16.2,0.3,-0.92,0,0,0.12464416143288816
1,14,1,3,0,1,1,22,27,1,7,0,0,0,0,0,0,41,0,0,6,6,0,0.0,6,9.4,-0.8,-3.12,1,1,0.9706097854106377
1,1,1,12,1,1,1,23,28,6,6,1,0,0,1,0,1,20,0,0,8,8,7,12.744285714285716,0,10.8,1.4,1.74,0,0,0.03507464284994806
1,15,1,4,1,14,1,1,28,10,2,1,0,0,1,1,0,22,0,0,6,12,5,12.6,0,12.4,0.5,1.79,0,0,0.09752388637530172
2,12,1,4,1,3,1,3,14,5,7,0,0,0,1,1,0,32,0,0,6,8,6,18.875,0,16.2,0.3,-0.92,0,0,0.09443284981376819
2,12,1,17,0,1,1,19,24,12,12,1,0,0,1,0,0,28,0,0,5,10,0,0.0,0,7.6,2.6,0.32,1,1,0.9485159377632567
2,4,1,12,1,3,1,22,27,10,6,0,0,0,1,0,0,32,0,0,7,9,7,13.761111111111113,0,15.5,2.8,-4.06,0,0,0.08482014021531367
1,17,1,2,1,16,1,1,14,10,10,1,0,0,0,1,1,22,0,5,12,15,11,12.545454545454543,0,8.9,1.4,3.51,0,0,0.23125911651644107
1,8,2,6,1,1,1,1,1,10,11,0,0,0,0,0,0,20,0,0,5,8,2,10.5,0,7.6,2.6,0.32,1,1,0.7957752434352586
1,4,1,12,1,3,1,1,1,8,11,1,0,0,0,1,0,23,0,0,7,0,0,0.0,0,12.7,3.7,-1.7,1,1,0.9918081792853327
1,1,1,2,1,1,1,1,28,5,9,1,0,0,1,0,1,18,0,0,0,0,0,0.0,0,13.9,-0.3,0.79,0,0,0.13809392419620717
2,14,1,17,0,1,1,22,27,10,10,0,0,0,1,0,0,28,0,14,15,15,14,11.071428571428571,0,9.4,-0.8,-3.12,1,0,0.38302750701767435
1,1,1,10,1,1,1,22,28,10,10,0,0,0,1,0,1,19,0,0,6,7,5,12.333333333333334,0,12.7,3.7,-1.7,0,0,0.04213889083160874
1,12,1,7,1,1,1,22,3,10,4,1,0,0,1,1,0,28,0,0,5,11,4,10.5,0,7.6,2.6,0.32,0,0,0.3937482223921032
1,8,3,2,1,1,1,22,27,6,11,1,0,0,1,1,0,22,0,0,0,0,0,0.0,0,12.4,0.5,1.79,0,1,0.5831371530135916
1,1,5,9,1,1,1,13,3,10,10,1,0,0,1,1,0,18,0,0,5,14,4,11.0,0,13.9,-0.3,0.79,1,0,0.21309502365531097
1,1,3,6,1,1,1,23,14,10,6,0,0,0,1,0,0,19,0,0,5,7,3,12.0,0,7.6,2.6,0.32,0,0,0.12865634101788903
1,8,5,2,1,1,1,13,10,6,10,1,0,0,1,1,0,20,0,0,0,0,0,0.0,0,10.8,1.4,1.74,1,1,0.5649547556420053
1,14,1,12,1,1,1,13,14,5,8,0,0,0,1,0,1,18,0,0,7,11,5,12.16,0,16.2,0.3,-0.92,0,0,0.045250536695267345
1,1,1,9,1,1,1,23,1,4,11,1,0,0,1,1,0,19,0,0,5,5,5,13.8,0,9.4,-0.8,-3.12,0,0,0.06794102532504949
1,9,6,12,1,1,1,23,27,10,6,1,0,0,0,0,0,19,0,0,7,14,0,0.0,0,11.1,0.6,2.02,1,1,0.9370320830309147
1,1,2,5,1,1,1,13,14,4,4,1,1,0,0,1,0,19,0,0,6,9,4,12.5,0,9.4,-0.8,-3.12,1,1,0.7968449346915149
1,8,1,9,1,1,1,23,28,8,6,0,0,0,1,0,0,18,0,0,5,9,1,11.0,1,9.4,-0.8,-3.12,0,0,0.4026103334647723
1,1,2,13,1,1,1,1,14,5,6,1,0,0,1,0,1,18,0,0,7,8,7,12.214285714285714,0,16.2,0.3,-0.92,0,0,0.048182755652770214
1,1,5,11,1,1,1,22,27,10,8,1,0,0,1,0,1,18,0,0,6,10,6,11.666666666666666,0,9.4,-0.8,-3.12,0,0,0.049895237430835224
1,1,1,5,1,1,1,23,14,23,44,1,1,0,1,0,0,19,0,0,6,6,6,14.666666666666666,0,8.9,1.4,3.51,0,0,0.03292105907658729
1,8,6,12,1,1,1,1,28,4,4,1,0,0,1,0,0,18,0,0,7,7,7,13.918571428571427,0,11.1,0.6,2.02,0,0,0.048598898431262194
1,1,1,9,1,1,1,1,14,8,8,0,0,0,1,1,1,18,0,0,5,10,4,10.8,0,15.5,2.8,-4.06,0,0,0.16443342654795956
1,8,1,9,1,1,1,13,28,5,5,1,0,0,1,1,0,21,0,0,5,10,1,10.0,0,11.1,0.6,2.02,1,1,0.7395829211160206
1,1,2,5,1,1,1,13,14,4,4,1,0,0,1,0,0,22,0,0,6,7,6,11.666666666666666,0,12.7,3.7,-1.7,0,0,0.09121944100630419
2,1,1,3,0,1,1,22,27,1,1,1,0,0,1,1,0,45,0,0,6,7,6,13.666666666666666,0,7.6,2.6,0.32,0,0,0.20287309393533792
1,1,1,15,1,1,1,3,3,3,3,1,0,1,0,0,0,18,0,0,6,7,5,12.2,0,11.1,0.6,2.02,1,1,0.7080576454801649
1,1,3,15,1,1,1,23,27,6,6,1,0,0,1,0,0,19,0,0,6,8,6,12.666666666666666,0,9.4,-0.8,-3.12,0,0,0.05101778862957526
1,15,1,6,1,1,1,1,1,5,4,1,0,0,1,0,0,20,0,0,6,13,5,11.8,0,12.4,0.5,1.79,0,0,0.09983926523126972
1,1,1,2,1,1,1,3,3,3,6,1,0,0,1,0,0,19,0,6,12,13,12,12.333333333333334,0,8.9,1.4,3.51,1,0,0.04420158332203999
1,1,1,9,1,1,1,13,14,6,8,0,0,0,1,1,0,20,0,0,5,8,5,10.0,0,7.6,2.6,0.32,0,0,0.08646095517426643
1,8,1,12,1,1,1,23,27,8,6,1,0,0,1,0,1,18,0,0,8,8,8,13.73125,0,9.4,-0.8,-3.12,0,0,0.03715726252408211
1,8,2,13,1,1,1,1,1,10,10,0,0,0,1,0,1,18,0,0,7,7,7,13.428571428571429,0,15.5,2.8,-4.06,0,0,0.051111931222503695
2,12,2,13,1,1,19,1,3,10,3,1,0,0,1,0,0,28,1,0,7,9,7,12.428571428571429,0,12.4,0.5,1.79,0,0,0.13356835593764188
1,4,1,11,1,15,1,1,1,4,7,0,0,0,1,0,0,39,0,12,13,14,13,13.76923076923077,0,13.9,-0.3,0.79,0,0,0.0960325365842539
1,8,3,12,1,1,1,3,1,3,8,1,0,0,1,1,0,18,0,0,8,8,7,13.154285714285717,0,10.8,1.4,1.74,0,0,0.08215555471062068
1,1,1,6,1,1,1,3,1,3,6,0,0,0,1,1,0,18,0,0,5,5,0,0.0,0,7.6,2.6,0.32,1,1,0.61390557532727
2,12,1,3,0,12,1,22,27,5,9,0,0,0,1,0,0,32,0,0,6,8,5,13.8,0,9.4,-0.8,-3.12,0,0,0.08697645009120333
1,1,1,4,1,1,1,13,14,10,10,0,0,0,1,1,1,19,0,0,6,9,4,12.0,2,15.5,2.8,-4.06,0,0,0.19886720542368114
1,1,1,15,1,1,1,1,1,20,39,0,0,1,1,0,1,18,0,0,6,6,6,14.833333333333334,0,8.9,1.4,3.51,0,0,0.04812283145363515
1,1,1,7,1,1,1,13,28,10,8,0,0,0,1,1,0,18,0,0,5,12,5,13.285714285714286,0,12.4,0.5,1.79,1,0,0.054521418084823116
1,15,1,4,1,14,1,2,3,10,7,0,0,0,1,1,0,20,0,0,6,12,4,10.8,0,12.4,0.5,1.79,0,0,0.17958526478346404
1,12,1,17,0,7,1,22,24,12,12,1,0,0,1,0,0,39,0,0,5,9,0,0.0,0,7.6,2.6,0.32,1,1,0.9231323270579075
1,1,1,10,1,1,1,1,1,4,4,1,0,0,1,0,1,20,0,0,6,7,6,13.666666666666666,0,11.1,0.6,2.02,0,0,0.04038180975564002
1,12,1,3,0,1,1,22,27,7,6,0,0,0,1,0,0,41,0,0,2,2,0,0.0,0,12.7,3.7,-1.7,1,1,0.9088808217734996
1,12,1,14,1,1,1,22,27,10,10,1,0,0,0,0,0,26,0,0,6,9,3,11.75,0,16.2,0.3,-0.92,1,1,0.9590598603425814
1,13,1,17,0,1,1,13,14,6,6,0,0,0,1,1,0,30,0,11,15,15,13,11.461538461538462,0,16.2,0.3,-0.92,0,1,0.630201975088409
1,9,1,2,1,1,1,13,2,6,6,1,0,1,1,1,1,20,0,0,0,0,0,0.0,0,12.4,0.5,1.79,0,0,0.3516345694313335
1,8,1,11,1,1,1,13,1,6,8,1,0,1,1,0,0,18,0,0,6,8,6,11.666666666666666,0,13.9,-0.3,0.79,0,0,0.38654219866273826
1,1,1,8,1,1,14,1,14,6,6,1,0,0,1,0,0,20,1,0,5,6,5,16.166666666666668,0,12.7,3.7,-1.7,0,0,0.10974119038610042
1,15,1,6,1,14,1,1,1,5,5,1,0,0,1,0,0,23,0,1,6,12,4,13.4,0,12.4,0.5,1.79,0,0,0.32304301180494793
4,12,1,8,1,1,1,22,27,7,8,1,0,0,1,1,0,34,0,0,6,9,0,0.0,0,16.2,0.3,-0.92,1,1,0.9804381890283629
1,1,5,14,1,1,1,4,1,5,11,1,0,0,1,0,0,18,0,0,6,10,4,11.25,0,8.9,1.4,3.51,0,0,0.18656211011515894
2,1,1,17,0,1,1,22,27,10,10,0,0,0,0,0,0,29,0,0,5,6,4,12.25,0,10.8,1.4,1.74,1,1,0.8093999223932008
1,1,1,2,1,1,1,13,14,8,8,1,0,0,1,0,1,18,0,0,0,0,0,0.0,0,13.9,-0.3,0.79,0,0,0.15367206725814808
1,12,1,17,0,1,1,22,27,8,10,0,0,0,0,1,0,28,0,0,5,0,0,0.0,0,8.9,1.4,3.51,1,1,0.9836812597715175
1,13,1,12,1,1,1,13,14,10,10,0,0,1,1,1,0,24,0,0,8,16,2,10.25,1,12.7,3.7,-1.7,1,1,0.8883373275697658
1,8,1,14,1,1,1,23,27,10,9,1,0,0,1,1,1,19,0,0,6,6,6,13.333333333333334,0,8.9,1.4,3.51,0,0,0.06719315244181318
1,14,1,8,1,1,1,2,3,4,3,1,0,0,0,1,0,22,0,0,6,0,0,0.0,0,10.8,1.4,1.74,1,1,0.988473715027466
1,15,1,4,1,14,1,22,27,10,8,1,0,0,0,1,0,30,0,4,9,18,6,11.833333333333334,0,15.5,2.8,-4.06,1,1,0.9279409232874526
1,1,1,2,1,1,1,1,3,5,5,1,0,0,1,0,1,19,0,6,12,12,12,13.666666666666666,0,8.9,1.4,3.51,0,0,0.03889212456233535
2,12,1,14,1,1,1,22,14,10,5,0,0,0,1,0,1,43,0,0,6,8,5,11.0,0,12.4,0.5,1.79,0,0,0.12094551596331711
1,1,2,17,0,1,1,5,1,5,5,0,0,0,1,1,0,19,0,0,5,11,4,11.0,0,15.5,2.8,-4.06,1,0,0.25862154111462865
1,1,6,16,1,1,1,13,14,10,10,1,0,0,1,1,0,20,0,0,6,8,5,12.2,0,10.8,1.4,1.74,1,0,0.29351791824208934
2,12,1,3,0,12,1,19,24,1,1,0,0,0,1,0,0,46,0,0,6,9,6,13.333333333333334,0,7.6,2.6,0.32,0,0,0.26997927965820895
1,13,1,11,1,1,1,23,27,2,2,1,0,0,1,0,0,28,0,8,14,22,12,12.333333333333334,0,9.4,-0.8,-3.12,0,0,0.1023647782942207
1,12,1,17,0,3,1,22,27,10,10,0,0,0,1,0,0,28,0,10,14,16,11,11.272727272727272,0,10.8,1.4,1.74,0,0,0.4212672571651373
1,8,2,16,1,1,1,1,14,6,6,1,0,0,1,0,0,18,0,0,7,10,7,12.142857142857142,0,12.4,0.5,1.79,0,0,0.21525224741473722
2,12,1,3,0,12,1,1,1,5,5,0,0,0,1,1,0,24,0,0,6,14,1,10.0,0,16.2,0.3,-0.92,1,1,0.9467697072941369
1,1,1,10,1,1,1,19,27,6,6,0,0,0,0,0,0,21,0,0,6,12,2,11.5,0,9.4,-0.8,-3.12,1,1,0.893456559313043
1,1,1,8,1,1,1,3,1,3,5,0,0,0,1,1,0,18,0,0,5,7,3,13.666666666666666,0,7.6,2.6,0.32,0,0,0.25711577411560743
1,14,3,12,1,1,1,23,27,10,9,0,0,0,1,0,0,21,0,11,14,26,12,13.417391304347827,1,7.6,2.6,0.32,0,0,0.05485427489992229
1,15,1,4,1,14,1,1,14,4,11,1,0,0,1,1,0,19,0,0,6,9,6,12.166666666666666,0,12.4,0.5,1.79,0,0,0.16649408546456532
1,1,1,12,1,1,1,23,28,10,10,1,0,0,1,0,0,31,0,0,7,9,7,15.46875,0,11.1,0.6,2.02,0,0,0.10277894368400042
1,1,3,12,1,1,1,13,28,2,2,1,0,0,1,0,0,18,0,0,8,8,7,13.614285714285714,0,12.7,3.7,-1.7,0,0,0.05205405193132027
2,13,1,11,1,1,1,2,2,19,17,1,0,0,1,1,0,22,0,2,6,13,4,11.5,0,7.6,2.6,0.32,1,1,0.5366511145470951
1,1,1,2,1,1,1,3,3,3,3,1,0,0,1,0,0,18,0,0,0,0,0,0.0,0,15.5,2.8,-4.06,1,0,0.2382018287213155
1,15,1,2,1,14,1,22,27,6,7,0,0,0,0,0,0,26,0,4,9,9,4,11.25,0,12.4,0.5,1.79,1,1,0.9657648798215589
1,12,1,6,1,1,1,22,27,10,10,1,0,1,1,0,0,27,0,0,6,11,6,12.125,0,12.4,0.5,1.79,0,0,0.2093962840535183
1,8,5,15,1,1,1,23,28,29,39,1,0,1,1,0,0,19,0,0,6,6,5,11.6,0,8.9,1.4,3.51,0,0,0.10245562566649544
1,8,2,12,1,1,1,22,27,10,10,1,0,0,1,0,0,18,0,0,7,7,6,14.316666666666668,0,7.6,2.6,0.32,0,0,0.0407056738632154
1,1,1,14,1,1,1,3,1,2,8,0,0,0,1,0,0,22,0,0,5,6,3,11.333333333333334,0,9.4,-0.8,-3.12,1,0,0.1672362052665708
1,1,1,11,1,1,1,23,14,10,5,0,0,0,1,1,0,19,0,0,6,10,4,12.75,0,10.8,1.4,1.74,0,0,0.38623464501258337
4,12,1,17,0,1,1,22,27,10,10,0,0,0,1,0,0,37,0,0,5,14,2,10.0,0,12.7,3.7,-1.7,0,1,0.7980727247728607
1,1,2,12,1,1,1,1,27,5,5,1,0,0,1,0,1,19,0,0,7,7,7,12.495714285714286,0,11.1,0.6,2.02,1,0,0.04382030618824387
1,8,1,14,1,1,1,13,27,10,9,1,0,0,1,1,0,22,0,0,6,0,0,0.0,0,13.9,-0.3,0.79,1,1,0.9610624788209203
1,1,1,12,1,1,1,13,14,32,44,1,0,0,1,0,0,19,0,0,7,12,5,11.8,0,11.1,0.6,2.02,0,0,0.04860387191053072
2,12,1,7,1,1,1,13,14,1,6,0,0,1,1,1,0,30,0,0,5,5,0,0.0,0,7.6,2.6,0.32,1,1,0.9125236969762661
2,12,1,12,1,1,1,22,28,5,5,0,0,0,1,1,1,33,0,0,8,16,1,10.0,1,12.7,3.7,-1.7,0,1,0.8294729836912775
1,14,1,12,1,1,1,13,27,27,42,1,0,0,1,0,0,21,0,0,7,12,4,13.125,0,13.9,-0.3,0.79,0,0,0.12499011769899208
1,12,1,12,1,12,1,22,27,10,7,0,0,0,0,0,1,39,0,0,7,14,3,11.5,0,16.2,0.3,-0.92,1,1,0.8960155839405192
1,8,2,12,1,1,1,13,27,4,6,1,0,0,0,0,1,20,0,0,7,7,7,13.462857142857144,0,11.1,0.6,2.02,0,0,0.2282624694616728
2,12,1,3,0,9,1,19,24,1,1,0,0,0,1,0,0,51,0,0,6,12,0,0.0,0,7.6,2.6,0.32,1,1,0.9280846347840472
4,12,1,17,0,1,1,22,28,10,10,0,0,0,1,0,0,30,0,0,5,11,3,10.333333333333334,0,12.4,0.5,1.79,0,0,0.4695113491730231
1,12,1,7,1,1,1,1,28,5,8,0,0,0,0,1,0,25,0,0,5,8,0,0.0,0,9.4,-0.8,-3.12,1,1,0.9528260479559475
1,1,1,15,1,1,1,23,28,10,8,1,0,0,1,0,1,19,0,0,6,6,6,14.833333333333334,0,12.7,3.7,-1.7,0,0,0.03735247094253239
2,12,1,17,0,1,1,21,12,10,11,1,0,0,1,1,0,41,0,0,5,9,4,10.75,0,9.4,-0.8,-3.12,1,0,0.45584049424017525
1,1,1,15,1,1,1,23,14,10,10,1,0,0,1,0,0,18,0,0,6,6,6,12.833333333333334,0,8.9,1.4,3.51,0,0,0.0527520826308623
1,8,2,9,1,1,1,13,1,10,4,1,0,0,1,0,1,18,0,0,5,15,2,10.0,0,13.9,-0.3,0.79,1,0,0.4087177942092104
1,12,1,9,1,1,14,23,28,10,9,0,0,0,1,0,0,24,1,0,5,12,2,10.5,0,16.2,0.3,-0.92,0,1,0.6632253478390715
1,8,1,10,1,1,1,23,1,10,5,0,0,0,1,0,0,19,0,0,6,6,6,12.166666666666666,0,15.5,2.8,-4.06,0,0,0.06732839761715932
1,1,1,12,1,1,1,3,1,3,4,0,0,0,1,0,0,18,0,0,7,8,6,13.958333333333334,0,11.1,0.6,2.02,0,0,0.04411137135304689
1,1,4,12,1,1,1,13,14,2,2,1,0,0,1,0,0,18,0,0,8,12,7,12.857142857142858,0,12.7,3.7,-1.7,0,0,0.04627651837565272
1,8,2,12,1,1,1,13,1,6,5,1,0,0,1,0,0,18,0,0,7,8,7,13.30625,0,15.5,2.8,-4.06,0,0,0.08699094061392389
1,8,1,9,1,1,1,1,27,5,9,1,0,0,1,1,1,20,0,0,5,11,4,12.0,0,11.1,0.6,2.02,0,0,0.1770998479126796
2,12,1,17,0,1,1,22,27,6,9,0,0,0,0,1,0,43,0,0,5,13,2,11.5,0,13.9,-0.3,0.79,1,1,0.9569861178369949
1,8,3,5,1,1,1,22,27,10,10,0,0,0,1,0,0,18,0,0,6,6,6,11.833333333333334,0,7.6,2.6,0.32,0,0,0.05346468599928559
1,8,2,15,1,1,1,3,1,3,8,1,0,0,1,0,1,20,0,0,6,6,6,14.0,0,15.5,2.8,-4.06,1,0,0.04638930410038862
2,12,1,15,1,9,1,1,1,5,5,0,0,0,1,0,0,24,0,0,6,6,6,12.166666666666666,0,7.6,2.6,0.32,0,0,0.05957802301645147
1,12,1,17,0,1,1,22,27,8,11,0,0,0,0,0,0,48,0,0,5,5,1,10.0,0,15.5,2.8,-4.06,1,1,0.9678164054689244
1,12,1,1,1,1,1,3,1,3,5,0,0,0,1,0,0,26,0,0,7,9,7,14.75,0,16.2,0.3,-0.92,0,0,0.0924178286333545
1,8,1,15,1,1,1,3,3,3,4,1,0,0,1,1,0,19,0,0,6,12,4,10.8,0,13.9,-0.3,0.79,1,0,0.4921072212272256
1,15,1,5,1,14,1,1,1,5,5,0,0,0,1,1,0,21,0,2,7,7,5,11.8,0,12.4,0.5,1.79,1,0,0.17417956508106047
1,1,3,12,1,1,1,12,13,2,2,1,0,0,0,0,0,18,0,0,8,9,6,12.758333333333333,1,9.4,-0.8,-3.12,1,1,0.5313710213473891
1,8,1,4,1,1,1,3,3,3,3,0,0,0,1,1,0,27,0,16,18,19,18,12.22222222222222,0,15.5,2.8,-4.06,0,0,0.07680827081769086
1,1,1,15,1,1,1,1,3,5,2,1,0,0,1,1,0,18,0,0,6,7,6,14.166666666666666,0,9.4,-0.8,-3.12,0,0,0.05028069531246695
1,8,5,12,1,1,1,1,1,6,6,1,0,0,1,0,1,18,0,0,7,7,7,13.857142857142858,0,13.9,-0.3,0.79,0,0,0.05167807820621381
1,12,1,9,1,1,1,10,3,5,4,1,0,0,1,0,0,24,0,0,5,5,0,0.0,0,7.6,2.6,0.32,1,1,0.7770148384414535
1,8,4,11,1,1,1,22,27,6,9,1,0,0,1,0,1,18,0,0,6,14,2,11.0,0,7.6,2.6,0.32,1,1,0.7500738623898434
4,12,1,11,1,1,1,22,14,10,10,1,0,0,1,1,0,44,0,0,6,6,6,12.666666666666666,0,12.4,0.5,1.79,0,0,0.16972931340330907
1,8,1,17,0,1,1,19,24,1,1,1,0,1,1,1,0,33,0,0,5,8,2,10.5,0,7.6,2.6,0.32,1,1,0.9486094799566205
4,14,1,12,1,1,1,22,27,10,10,0,0,0,1,0,0,38,0,1,8,12,5,13.126,1,10.8,1.4,1.74,0,0,0.1477359144924734
1,8,1,9,1,1,1,22,27,10,8,0,0,0,1,0,1,19,0,0,5,8,5,12.875,0,13.9,-0.3,0.79,0,0,0.04812216932712606
1,8,1,16,1,1,1,1,28,5,11,1,0,0,1,0,0,18,0,0,6,10,4,13.0,0,9.4,-0.8,-3.12,0,0,0.40010059833206174
1,8,3,12,1,1,1,13,1,10,10,1,0,0,1,0,1,19,0,0,7,7,7,13.308571428571428,0,12.4,0.5,1.79,0,0,0.044980816379191574
1,8,2,7,1,1,1,8,10,10,10,1,0,0,1,1,0,20,0,0,5,6,3,11.0,0,10.8,1.4,1.74,1,1,0.7937261420496381
1,15,1,4,1,14,1,1,28,7,7,1,0,0,1,1,0,21,0,0,6,12,4,11.8,0,16.2,0.3,-0.92,1,0,0.22749482063861856
1,8,3,10,1,1,1,13,14,8,9,0,0,0,1,0,0,19,0,0,6,10,5,11.666666666666666,0,13.9,-0.3,0.79,0,0,0.09441664574611834
1,1,3,12,1,1,1,13,28,8,8,1,0,0,1,0,1,19,0,0,8,8,8,13.57625,0,9.4,-0.8,-3.12,0,0,0.028797434701582508
1,1,3,6,1,1,1,1,14,10,10,1,0,0,1,0,1,18,0,0,6,7,6,15.666666666666666,0,8.9,1.4,3.51,0,0,0.03722586092507559
1,8,5,14,1,1,1,1,14,6,6,0,0,0,1,0,0,21,0,0,5,7,3,12.666666666666666,0,7.6,2.6,0.32,0,0,0.14581399101279008
1,15,1,4,1,14,1,3,1,5,7,0,0,0,1,1,0,19,0,0,6,8,5,11.5,0,12.4,0.5,1.79,0,0,0.10293029389134839
2,12,1,9,1,1,1,22,27,10,10,1,0,0,1,0,0,31,0,0,5,8,3,11.0,0,7.6,2.6,0.32,1,0,0.3980663094407776
1,8,6,12,1,1,1,1,27,9,10,1,0,0,1,0,0,19,0,0,7,7,7,13.467142857142855,0,12.4,0.5,1.79,0,0,0.06878552811537139
2,12,1,10,1,12,1,22,27,10,5,0,0,0,1,1,0,42,0,0,6,0,0,0.0,0,15.5,2.8,-4.06,1,1,0.9733208053493806
1,8,1,15,1,1,1,22,27,6,6,0,0,0,1,0,0,18,0,0,6,9,6,12.5,0,7.6,2.6,0.32,0,0,0.04816787421043836
1,5,1,6,1,1,1,22,27,6,6,1,0,0,1,0,0,22,0,2,5,7,5,14.2,0,12.7,3.7,-1.7,0,0,0.05715883715570652
1,1,1,6,1,1,1,23,14,10,4,0,0,0,1,1,0,19,0,0,6,7,6,14.857142857142858,0,11.1,0.6,2.02,0,0,0.06288360817725897
1,8,1,9,1,1,1,1,28,5,6,0,0,0,1,0,1,18,0,0,5,5,5,14.6,0,12.7,3.7,-1.7,0,0,0.04105373298579439
1,1,1,9,1,1,1,1,28,5,4,0,0,0,1,0,0,18,0,0,5,5,5,16.2,0,11.1,0.6,2.02,0,0,0.05156411079036786
1,1,1,9,1,1,1,23,28,8,8,0,0,0,1,0,1,18,0,0,5,7,4,13.0,0,9.4,-0.8,-3.12,0,0,0.05576742540603965
2,14,1,17,0,1,1,22,27,10,10,1,0,0,1,1,0,30,0,6,10,14,9,12.333333333333334,0,9.4,-0.8,-3.12,0,0,0.19685001339955807
1,12,1,4,1,1,1,10,10,10,10,0,0,0,1,1,0,24,0,0,6,7,0,0.0,0,12.4,0.5,1.79,1,1,0.954828702167483
4,12,1,12,1,12,1,22,27,7,7,0,0,1,0,0,0,46,0,0,7,14,3,12.333333333333334,0,11.1,0.6,2.02,1,1,0.8730450075011624
1,1,1,12,1,1,1,22,27,10,10,0,0,0,1,1,0,18,0,0,8,11,6,13.496666666666668,1,9.4,-0.8,-3.12,0,0,0.06250667177404803
1,8,2,11,1,1,1,13,14,10,8,1,0,1,1,0,0,21,0,0,6,0,0,0.0,0,11.1,0.6,2.02,1,1,0.9747336867262211
1,1,3,5,1,1,1,1,28,5,8,1,0,0,1,0,1,19,0,0,6,6,6,12.833333333333334,0,9.4,-0.8,-3.12,0,0,0.03367349401042096
1,8,2,7,1,1,1,13,1,10,8,0,0,0,1,1,0,19,0,0,5,0,0,0.0,0,16.2,0.3,-0.92,1,1,0.8952173671590434
2,4,1,2,1,3,1,13,14,10,10,1,0,0,1,1,0,37,0,0,0,0,0,0.0,0,7.6,2.6,0.32,1,1,0.6822745705489633
1,8,3,16,1,1,1,23,28,8,8,1,0,0,1,0,0,18,0,0,6,8,5,13.4,0,7.6,2.6,0.32,0,0,0.18492364299116687
1,8,3,14,1,1,1,23,28,8,9,1,1,0,1,0,1,18,0,0,6,10,5,12.0,0,11.1,0.6,2.02,0,0,0.0925316147987876
1,9,2,5,1,1,1,23,14,6,6,0,0,0,1,1,0,18,0,0,6,8,5,11.0,0,9.4,-0.8,-3.12,0,0,0.14757630412600956
2,12,1,8,1,1,1,1,14,7,7,1,0,0,1,1,0,37,0,1,5,12,3,12.0,2,10.8,1.4,1.74,0,1,0.5990989079405542
1,8,1,14,1,1,1,1,1,5,4,0,0,0,1,1,0,24,0,0,6,6,4,11.25,0,10.8,1.4,1.74,0,1,0.5795813500185149
1,12,1,3,0,12,1,22,27,10,10,0,0,0,1,0,0,38,0,0,6,10,3,10.25,0,13.9,-0.3,0.79,1,1,0.6832567846470361
1,8,5,6,1,1,1,13,14,12,8,0,0,0,0,0,0,18,0,0,6,0,0,0.0,0,12.7,3.7,-1.7,1,1,0.9833282121521001
1,12,1,17,0,1,1,1,1,5,3,0,0,0,1,0,0,25,0,0,5,12,4,12.5,0,13.9,-0.3,0.79,0,0,0.21117499947895005
1,8,1,11,1,1,1,1,1,10,11,0,0,1,1,0,0,18,0,0,6,9,4,11.0,0,7.6,2.6,0.32,1,1,0.5779438899728301
1,15,1,4,1,14,1,23,28,7,4,0,0,0,1,0,0,19,0,0,6,18,3,11.666666666666666,0,15.5,2.8,-4.06,0,0,0.3390040926515729
1,1,1,5,1,1,1,22,27,4,4,1,0,0,1,0,0,20,0,0,6,6,6,12.166666666666666,0,12.7,3.7,-1.7,0,0,0.07997413657374547
1,1,1,12,1,1,1,23,28,6,6,0,0,0,1,0,0,18,0,0,7,7,7,13.285714285714286,0,16.2,0.3,-0.92,0,0,0.05150932657476781
1,1,5,15,1,1,1,19,28,1,9,1,0,0,0,0,1,18,0,0,6,12,3,12.0,0,7.6,2.6,0.32,1,1,0.9642671795209458
1,14,1,10,1,1,1,19,24,13,13,0,0,0,1,0,1,29,0,9,16,17,16,12.588235294117649,0,9.4,-0.8,-3.12,0,0,0.02769611400910907
2,12,1,17,0,3,1,3,1,2,11,0,0,0,1,0,0,30,0,0,5,5,5,14.6,0,12.7,3.7,-1.7,1,0,0.080062679358356
1,7,3,15,1,1,1,22,28,5,10,1,0,0,1,0,1,20,0,0,6,6,6,15.0,0,11.1,0.6,2.02,0,0,0.04407697722426106
1,1,2,15,1,1,1,13,1,5,6,1,0,0,1,0,0,18,0,0,6,0,0,0.0,0,11.1,0.6,2.02,1,1,0.9205979101575825
1,8,5,9,1,1,1,13,28,4,11,1,0,0,1,0,0,19,0,0,5,8,5,12.6,0,8.9,1.4,3.51,0,0,0.050851670991334426
1,8,1,10,1,1,1,22,28,10,9,1,0,0,1,0,1,18,0,0,6,6,6,15.166666666666666,0,11.1,0.6,2.02,0,0,0.040196923163651505
1,1,2,15,1,1,1,1,1,4,4,1,0,0,1,0,0,18,0,0,6,6,6,14.833333333333334,0,12.7,3.7,-1.7,0,0,0.051043756540314275
1,1,1,9,1,1,1,7,14,5,4,0,0,0,1,0,0,23,0,0,5,8,3,10.666666666666666,0,7.6,2.6,0.32,0,0,0.31641942790683936
1,9,1,8,1,1,1,3,3,6,3,0,0,0,1,1,0,18,0,0,6,11,5,13.6,0,13.9,-0.3,0.79,1,0,0.25072681318132833
2,12,1,11,1,12,1,22,14,10,11,0,0,0,1,1,0,53,0,7,11,12,2,15.0,7,16.2,0.3,-0.92,0,1,0.9897729884712694
2,12,2,17,0,1,1,22,27,10,10,1,0,0,1,1,0,51,0,0,4,4,0,0.0,0,12.7,3.7,-1.7,1,1,0.9275573822987974
1,9,1,12,1,1,1,22,27,4,4,1,0,0,1,0,1,19,0,0,8,8,7,11.82,0,10.8,1.4,1.74,0,0,0.03691465699657037
1,8,6,7,1,1,1,22,11,5,12,1,0,0,1,1,0,19,0,0,5,10,0,0.0,0,7.6,2.6,0.32,1,1,0.6711576640652742
1,9,1,12,1,1,1,22,28,8,9,1,0,0,1,0,1,19,0,0,8,8,7,11.4,0,10.8,1.4,1.74,0,0,0.040270542507605596
1,16,1,5,1,1,1,23,28,10,10,1,0,0,1,1,0,21,0,4,12,13,5,13.2,0,8.9,1.4,3.51,1,0,0.47542662491189225
1,15,1,6,1,14,1,13,27,6,8,1,0,0,1,1,0,19,0,2,6,10,4,12.5,0,12.4,0.5,1.79,1,0,0.27081789687586344
1,1,4,9,1,1,1,1,1,10,8,1,0,0,1,0,1,18,0,0,5,7,5,12.0,0,8.9,1.4,3.51,0,0,0.04169833183524348
1,8,1,16,1,1,1,23,14,5,11,1,0,0,1,0,0,19,0,0,6,9,4,13.0,0,12.7,3.7,-1.7,1,1,0.5004129555847608
1,1,2,10,1,1,1,23,1,8,8,1,0,0,1,0,0,21,0,0,6,8,5,12.4,0,12.4,0.5,1.79,0,0,0.06857857438110362
1,1,1,6,1,1,1,13,3,5,3,0,0,0,1,0,0,19,0,0,6,13,6,15.307692307692308,0,15.5,2.8,-4.06,0,0,0.03901235828899954
1,15,1,4,1,14,1,22,27,10,11,0,0,1,0,0,0,29,0,0,6,13,3,12.75,0,13.9,-0.3,0.79,1,1,0.9692108443630489
4,12,1,16,1,12,1,23,14,10,10,0,0,1,0,0,0,33,0,0,7,7,7,12.857142857142858,0,8.9,1.4,3.51,0,1,0.6087498599897581
1,8,2,15,1,1,1,1,1,4,4,1,0,0,1,0,0,18,0,0,6,0,0,0.0,0,13.9,-0.3,0.79,1,1,0.9392655090804493
1,1,2,5,1,1,1,1,1,5,10,1,0,0,1,1,1,20,0,0,6,9,6,11.375,0,7.6,2.6,0.32,0,0,0.05981642937480447
1,8,3,9,1,1,1,22,27,6,8,0,0,0,1,1,0,18,0,0,5,10,0,0.0,1,9.4,-0.8,-3.12,1,1,0.6582197998852705
1,1,5,12,1,1,1,23,28,10,6,1,0,0,1,0,0,19,0,0,8,8,7,14.992857142857142,0,10.8,1.4,1.74,0,0,0.03710576996769917
1,1,1,10,1,1,1,13,27,8,8,1,0,0,1,0,0,20,0,0,6,13,3,11.2,0,16.2,0.3,-0.92,0,0,0.2709278249389141
1,1,1,11,1,1,1,3,14,4,9,1,0,0,1,0,0,18,0,0,6,6,6,15.5,0,12.4,0.5,1.79,0,0,0.05028154381563454
1,8,1,3,0,1,1,19,24,1,1,0,0,0,1,0,0,24,0,0,6,7,6,12.833333333333334,0,7.6,2.6,0.32,0,0,0.3074503994632045
1,1,1,10,1,1,1,3,1,5,10,0,0,0,1,0,1,18,0,0,6,7,6,13.166666666666666,0,12.4,0.5,1.79,0,0,0.02681145282232083
1,1,1,9,1,1,1,13,14,10,4,1,0,0,0,1,0,20,0,0,5,9,3,12.0,1,9.4,-0.8,-3.12,1,1,0.8382060475134885
1,8,1,11,1,1,1,13,27,6,4,0,0,0,1,0,0,18,0,0,6,7,6,14.714285714285714,0,12.7,3.7,-1.7,0,0,0.048785205899022105
1,1,1,14,1,1,1,13,1,8,5,0,0,0,1,1,0,21,0,0,5,7,5,11.166666666666666,0,9.4,-0.8,-3.12,1,0,0.11498569418650334
1,8,3,13,1,1,1,13,28,10,8,0,0,0,1,0,1,18,0,0,7,9,7,12.855555555555556,0,12.7,3.7,-1.7,0,0,0.04218737325688782
1,8,3,5,1,1,1,23,27,6,6,1,0,0,1,1,0,18,0,0,6,6,6,12.833333333333334,0,15.5,2.8,-4.06,0,0,0.11469017363220503
2,4,1,17,0,3,1,19,24,13,13,1,0,0,0,1,0,33,0,0,5,5,0,0.0,0,7.6,2.6,0.32,1,1,0.9824458058471693
1,1,1,2,1,1,1,3,3,3,3,1,0,0,1,1,0,18,0,0,0,0,0,0.0,0,16.2,0.3,-0.92,1,0,0.296987972543489
1,1,1,10,1,1,1,2,10,4,11,1,0,0,1,0,0,20,0,0,6,6,6,12.166666666666666,0,11.1,0.6,2.02,0,0,0.09477002474956096
1,8,1,10,1,1,1,23,28,8,8,1,0,0,1,0,1,18,0,0,6,7,6,15.142857142857142,0,12.7,3.7,-1.7,0,0,0.034876247095817846
1,1,4,12,1,1,1,23,1,6,7,1,0,0,1,0,0,18,0,0,7,9,7,14.711111111111112,0,15.5,2.8,-4.06,0,0,0.033374249476800115
1,12,1,14,1,1,1,13,3,5,3,0,0,0,1,0,1,51,0,0,6,8,5,11.6,0,12.4,0.5,1.79,0,0,0.1713284173732993
1,1,1,6,1,1,1,13,27,4,8,0,0,0,1,0,0,18,0,0,6,13,6,12.0,0,11.1,0.6,2.02,0,0,0.05784249581341209
1,1,1,9,1,1,1,22,1,5,11,0,0,0,1,0,0,18,0,0,5,6,4,11.25,0,10.8,1.4,1.74,0,0,0.11900438834526528
1,14,1,8,1,6,1,1,20,5,12,1,0,0,1,0,1,21,0,0,5,7,0,0.0,0,7.6,2.6,0.32,1,1,0.6018407840719269
2,12,1,3,0,3,1,22,27,10,10,0,0,0,1,0,0,38,0,8,11,11,11,12.636363636363637,0,13.9,-0.3,0.79,0,0,0.06399740733709329
1,1,6,5,1,6,1,1,1,10,10,1,0,0,1,1,0,22,0,0,6,6,6,14.166666666666666,0,10.8,1.4,1.74,0,0,0.056748027113618024
1,14,1,10,1,1,1,22,27,10,10,0,0,0,1,0,0,36,0,10,16,24,13,10.692307692307692,1,15.5,2.8,-4.06,0,0,0.12080465652779884
1,1,1,13,1,1,1,22,28,8,10,0,0,0,1,0,1,20,0,0,7,14,7,10.642857142857142,0,12.7,3.7,-1.7,0,0,0.051830045316111
1,1,1,16,1,1,1,13,14,10,9,1,0,0,1,0,0,21,0,0,6,8,5,12.0,0,12.7,3.7,-1.7,1,0,0.30164673318808943
1,1,1,6,1,1,1,1,1,5,10,1,0,0,1,1,1,20,0,0,6,10,4,13.2,0,12.4,0.5,1.79,1,0,0.22938503287704873
1,12,1,12,1,1,1,13,14,6,6,0,0,0,1,1,0,28,0,0,7,7,7,14.528571428571428,0,16.2,0.3,-0.92,0,0,0.15587276318369309
4,12,1,3,0,12,1,1,27,10,2,0,0,0,1,1,0,45,0,2,8,10,4,11.5,0,10.8,1.4,1.74,1,1,0.5835632979457935
1,8,2,11,1,1,9,13,27,10,10,1,0,0,0,0,0,18,1,0,6,7,5,12.6,0,11.1,0.6,2.02,0,1,0.5635283515485512
1,12,1,17,0,1,1,13,27,6,6,0,0,0,1,0,0,28,0,0,5,9,4,11.25,0,7.6,2.6,0.32,0,0,0.1853763816126061
1,8,1,8,1,1,1,23,27,10,8,1,0,0,1,0,0,19,0,0,5,5,5,11.8,0,10.8,1.4,1.74,0,0,0.16470639310701363
1,13,1,16,1,1,1,1,27,6,6,1,0,0,1,0,0,21,0,0,6,8,4,12.25,0,12.7,3.7,-1.7,1,1,0.7245237644773477
1,12,1,17,0,1,1,22,27,10,10,0,0,0,1,0,0,25,0,0,5,8,3,11.0,0,10.8,1.4,1.74,0,0,0.41392244432562625
1,1,6,12,1,1,1,4,3,3,2,1,0,0,1,1,0,18,0,0,8,9,8,12.8875,1,9.4,-0.8,-3.12,0,0,0.03981148621175696
1,8,4,12,1,1,1,3,14,5,8,1,0,0,1,0,1,18,0,0,7,8,7,14.15,0,15.5,2.8,-4.06,0,0,0.03557095675269084
1,7,2,10,1,1,1,13,27,10,8,1,0,0,1,0,1,19,0,0,6,8,4,11.25,0,10.8,1.4,1.74,0,0,0.0956295991215
1,15,1,4,1,14,1,1,3,10,3,1,0,1,0,1,0,23,0,0,6,12,2,11.333333333333334,0,13.9,-0.3,0.79,1,1,0.9440491006017158
1,14,1,15,1,1,9,19,24,12,12,0,0,1,1,0,0,23,1,0,6,11,1,16.0,0,7.6,2.6,0.32,1,1,0.897328405963761
2,12,1,17,0,1,1,22,27,10,11,0,0,0,1,1,0,49,0,0,5,6,5,12.2,0,15.5,2.8,-4.06,0,0,0.27401753545726604
1,1,1,12,1,1,1,3,1,4,4,0,1,0,1,0,0,18,0,0,7,10,6,11.98,0,16.2,0.3,-0.92,0,0,0.07306184816265687
1,9,2,10,1,1,1,13,27,6,8,1,0,0,1,1,1,20,0,1,7,9,6,12.0,0,10.8,1.4,1.74,0,0,0.07251619116643764
1,8,1,7,1,1,1,13,14,10,10,0,0,0,1,1,0,20,0,0,5,6,5,15.8,0,11.1,0.6,2.02,0,0,0.11890257733282698
1,1,3,5,1,1,1,19,27,6,8,1,0,0,1,0,0,20,0,0,6,6,6,13.666666666666666,0,9.4,-0.8,-3.12,0,0,0.2468646031309035
2,12,1,4,1,1,1,22,27,10,10,0,0,0,0,1,0,44,0,4,10,10,4,11.5,0,15.5,2.8,-4.06,1,1,0.9920835512515521
1,8,5,15,1,1,1,1,14,10,6,1,0,0,1,1,0,19,0,0,6,6,6,13.166666666666666,0,16.2,0.3,-0.92,0,0,0.09702796446743875
1,1,1,12,1,1,1,2,2,4,4,1,0,0,1,1,0,18,0,0,7,8,6,11.833333333333334,0,7.6,2.6,0.32,0,0,0.08166167816178344
1,1,6,12,1,1,1,1,27,8,8,1,0,0,1,0,0,19,0,0,7,0,0,0.0,0,12.7,3.7,-1.7,1,1,0.9417725945514361
1,1,1,9,1,1,1,3,14,4,4,0,0,1,1,1,0,19,0,0,5,7,5,13.6,0,16.2,0.3,-0.92,0,0,0.2967328618327855
1,1,1,15,1,1,1,23,27,10,7,0,0,0,1,1,1,19,0,0,6,8,5,14.0,0,10.8,1.4,1.74,0,0,0.04695478048666534
1,12,1,12,1,1,1,23,14,10,10,1,0,0,0,1,0,32,0,0,7,0,0,0.0,0,16.2,0.3,-0.92,1,1,0.9948120447468188
1,8,1,14,1,1,1,3,3,3,2,1,0,0,1,0,0,20,0,0,6,7,6,15.571428571428571,0,16.2,0.3,-0.92,0,0,0.0660546421610154
1,12,1,14,1,7,1,22,27,6,4,0,0,1,1,1,0,26,0,0,5,5,0,0.0,0,9.4,-0.8,-3.12,1,1,0.895955130574745
1,1,2,15,1,1,1,22,27,10,8,1,0,0,1,0,0,20,0,0,6,12,1,17.0,0,9.4,-0.8,-3.12,0,1,0.6272989070416947
1,13,1,7,1,6,1,20,25,7,7,1,0,0,1,1,0,34,0,4,6,8,4,11.25,0,7.6,2.6,0.32,1,1,0.624357794557837
1,1,2,5,1,1,1,23,14,8,8,1,0,0,1,1,0,18,0,0,6,7,6,12.833333333333334,0,8.9,1.4,3.51,0,0,0.060779831479101855
1,1,1,10,1,1,1,22,27,7,8,1,0,0,1,0,0,18,0,0,6,8,6,13.857142857142858,0,13.9,-0.3,0.79,0,0,0.04528156368803118
1,8,1,12,1,1,1,13,1,5,11,1,0,0,1,0,0,18,0,0,7,7,6,13.116666666666667,0,7.6,2.6,0.32,0,0,0.050839065291481245
1,1,6,12,1,1,1,3,3,2,2,1,0,0,1,0,0,19,0,0,7,9,7,13.761111111111113,0,15.5,2.8,-4.06,0,0,0.05219186437183768
1,8,1,2,1,1,1,3,3,4,4,1,0,0,0,0,0,19,0,6,12,12,12,13.0,0,8.9,1.4,3.51,0,0,0.2955920911413618
1,8,1,14,1,1,1,1,1,5,9,0,0,1,0,1,0,20,0,0,6,7,5,12.4,0,13.9,-0.3,0.79,0,1,0.9451282421121503
1,12,2,13,1,1,1,22,14,10,9,0,0,0,1,1,1,24,0,0,7,13,6,10.857142857142858,0,12.7,3.7,-1.7,0,0,0.13612716121194648
1,4,1,12,1,3,1,13,3,5,3,1,0,0,1,0,0,29,0,0,8,8,6,12.25,1,12.7,3.7,-1.7,1,0,0.13542990686599138
1,1,2,14,1,1,1,22,27,10,10,0,0,0,1,0,0,22,0,0,5,8,3,12.0,0,7.6,2.6,0.32,0,0,0.14476297851216846
1,8,1,8,1,1,1,13,14,4,11,1,0,0,1,1,0,19,0,0,5,11,2,10.5,2,10.8,1.4,1.74,1,0,0.42839974360627225
1,1,1,10,1,1,1,13,1,10,10,1,0,0,1,0,0,20,0,0,6,7,6,13.5,0,10.8,1.4,1.74,0,0,0.032750670059043176
1,8,1,11,1,1,1,1,14,5,8,0,0,0,1,1,1,19,0,0,6,8,5,12.666666666666666,0,16.2,0.3,-0.92,0,0,0.12407682620432771
1,14,4,12,1,6,1,22,27,10,10,1,0,0,1,0,0,20,0,0,7,7,6,14.85,0,7.6,2.6,0.32,0,0,0.031527908769635925
1,1,4,12,1,1,1,13,27,10,8,0,0,1,1,0,0,18,0,0,8,9,8,14.4025,1,9.4,-0.8,-3.12,0,0,0.062162186174793646
1,14,2,12,1,1,1,23,27,5,5,1,0,0,1,1,1,28,0,18,23,23,20,13.5,3,7.6,2.6,0.32,0,0,0.06882739344761597
1,8,1,15,1,1,1,22,27,1,5,1,0,0,1,1,0,19,0,0,6,12,0,0.0,1,9.4,-0.8,-3.12,1,1,0.9243609394016914
1,6,1,9,1,1,12,22,2,7,5,0,0,1,1,1,0,19,1,0,5,12,3,10.5,0,12.4,0.5,1.79,0,0,0.1546583976028069
1,1,2,7,1,1,1,23,28,6,6,0,0,0,1,1,0,18,0,0,5,9,2,11.666666666666666,0,7.6,2.6,0.32,0,0,0.42286146044383355
1,1,1,2,1,1,1,3,1,3,5,1,0,0,1,0,0,20,0,5,12,13,12,11.23076923076923,0,11.1,0.6,2.02,0,0,0.08462250831848248
1,16,1,5,1,1,1,13,14,25,32,0,0,0,1,0,1,23,0,0,6,6,6,15.333333333333334,0,11.1,0.6,2.02,0,0,0.06764097347981347
